RK,PLAYER,GP,MPG,TS%,AST,TO,USG,ORR,DRR,REBR,PER,VA,EWA
1,MarkquisNowell,1,4.0,.532,51.5,0.0,0.0,0.0,0.0,0.0,55.49,2.7,0.1
2,DrewPeterson,1,3.0,1.500,50.0,0.0,0.0,0.0,0.0,0.0,43.55,1.5,0.0
3,JoelEmbiid,34,34.0,.645,15.4,10.1,0.0,0.0,0.0,0.0,34.35,410.1,13.7
4,HamidouDiallo,2,2.5,.500,25.0,25.0,0.0,0.0,0.0,0.0,32.95,0.0,0.0
5,AdamaSanogo,3,3.7,.926,0.0,18.8,0.0,0.0,0.0,0.0,32.68,3.6,0.1
6,NikolaJokic,53,33.8,.646,27.9,9.2,0.0,0.0,0.0,0.0,31.22,551.8,18.4
7,ShaiGilgeous-Alexander,53,34.5,.647,20.0,6.6,0.0,0.0,0.0,0.0,30.57,0.0,0.0
8,MamadiDiakite,3,5.3,.785,20.7,0.0,0.0,0.0,0.0,0.0,30.36,0.0,0.0
9,GiannisAntetokounmpo,53,34.9,.648,18.8,10.5,0.0,0.0,0.0,0.0,29.59,0.0,0.0
10,LeonardMiller,6,3.5,.750,8.3,8.3,0.0,0.0,0.0,0.0,28.72,0.0,0.0
11,LukaDoncic,47,37.4,.620,23.2,9.6,0.0,0.0,0.0,0.0,28.18,0.0,0.0
12,AnthonyDavis,52,35.7,.617,14.7,7.9,0.0,0.0,0.0,0.0,25.61,0.0,0.0
13,TyreseHaliburton,43,32.0,.626,37.1,7.5,0.0,0.0,0.0,0.0,25.39,0.0,0.0
14,OscarTshiebwe,7,5.3,.586,9.2,0.0,0.0,0.0,0.0,0.0,24.99,7.8,0.3
15,KawhiLeonard,48,34.3,.636,15.3,6.7,0.0,0.0,0.0,0.0,24.02,0.0,0.0
16,DonovanMitchell,44,35.5,.602,19.2,8.5,0.0,0.0,0.0,0.0,23.99,0.0,0.0
17,MoussaDiabate,10,5.8,.580,13.7,6.8,0.0,0.0,0.0,0.0,23.82,11.3,0.4
18,MouhamadouGueye,1,6.0,.333,0.0,0.0,0.0,0.0,0.0,0.0,23.62,1.1,0.0
19,DomantasSabonis,54,35.7,.662,31.0,12.4,0.0,0.0,0.0,0.0,23.53,0.0,0.0
20,KevinDurant,48,37.0,.647,18.5,10.5,0.0,0.0,0.0,0.0,23.36,0.0,0.0
21,AndreDrummond,55,16.7,.569,5.9,12.5,0.0,0.0,0.0,0.0,23.23,173.3,5.8
22,ZionWilliamson,44,30.5,.620,19.1,9.8,0.0,0.0,0.0,0.0,22.93,0.0,0.0
23,KristapsPorzingis,40,29.5,.662,10.2,8.9,0.0,0.0,0.0,0.0,22.82,211.8,7.1
24,DevinBooker,45,35.5,.617,22.0,8.0,0.0,0.0,0.0,0.0,22.78,0.0,0.0
25,KyrieIrving,33,33.9,.598,19.3,5.8,0.0,0.0,0.0,0.0,22.70,0.0,0.0
26,RyanRollins,10,6.6,.631,21.8,13.9,0.0,0.0,0.0,0.0,22.54,11.6,0.4
27,JimmyButler,37,33.9,.631,19.8,7.3,0.0,0.0,0.0,0.0,22.47,0.0,0.0
28,LeBronJames,49,34.9,.611,24.8,10.4,0.0,0.0,0.0,0.0,22.45,0.0,0.0
29,JaysonTatum,52,35.8,.605,16.1,8.4,0.0,0.0,0.0,0.0,22.41,0.0,0.0
30,MarkWilliams,19,26.7,.675,10.1,7.8,0.0,0.0,0.0,0.0,22.30,88.7,3.0
31,JalenBrunson,52,35.9,.596,20.2,7.4,0.0,0.0,0.0,0.0,22.24,0.0,0.0
,LauriMarkkanen,45,32.7,.647,8.8,6.2,0.0,0.0,0.0,0.0,22.24,0.0,0.0
33,VictorWembanyama,49,28.4,.564,12.9,14.0,0.0,0.0,0.0,0.0,22.07,0.0,0.0
34,StephenCurry,49,33.4,.639,16.4,10.0,0.0,0.0,0.0,0.0,22.05,0.0,0.0
,JarrettAllen,48,30.7,.674,17.2,11.0,0.0,0.0,0.0,0.0,22.05,251.7,8.4
36,AlperenSengun,53,32.5,.591,19.7,10.1,0.0,0.0,0.0,0.0,21.99,292.8,9.8
37,Day'RonSharpe,39,15.7,.608,16.8,11.7,0.0,0.0,0.0,0.0,21.59,100.7,3.4
38,TrayceJackson-Davis,39,13.0,.685,14.2,10.6,0.0,0.0,0.0,0.0,21.30,79.3,2.6
39,EugeneOmoruyi,24,7.1,.587,15.1,10.3,0.0,0.0,0.0,0.0,21.25,0.0,0.0
40,JonasValanciunas,55,25.5,.638,16.2,9.5,0.0,0.0,0.0,0.0,21.07,219.1,7.3
41,JalenSmith,38,18.1,.727,11.1,8.8,0.0,0.0,0.0,0.0,21.03,0.0,0.0
42,ClintCapela,47,25.7,.595,8.5,7.4,0.0,0.0,0.0,0.0,20.84,184.7,6.2
,RickyCouncilIV,14,9.9,.613,4.8,2.4,0.0,0.0,0.0,0.0,20.84,20.7,0.7
44,IsaiahJackson,43,13.7,.676,13.5,10.8,0.0,0.0,0.0,0.0,20.80,0.0,0.0
45,JaredButler,18,7.2,.689,31.8,10.2,0.0,0.0,0.0,0.0,20.73,0.0,0.0
46,LaMeloBall,22,32.3,.561,24.2,11.4,0.0,0.0,0.0,0.0,20.63,0.0,0.0
,ChetHolmgren,54,30.1,.635,15.3,9.3,0.0,0.0,0.0,0.0,20.63,0.0,0.0
48,DanielGafford,48,26.2,.702,14.5,9.9,0.0,12.0,0.0,16.9,20.43,180.6,6.0
49,TraeYoung,50,36.5,.583,28.7,11.3,0.0,0.0,0.0,0.0,20.42,0.0,0.0
50,JaMorant,9,35.3,.570,24.5,9.1,0.0,0.0,0.0,0.0,20.41,0.0,0.0
51,DamianLillard,50,34.9,.596,22.5,8.4,0.0,0.0,0.0,0.0,20.01,0.0,0.0
52,CollinSexton,55,24.4,.609,21.5,9.2,0.0,0.0,0.0,0.0,19.99,0.0,0.0
53,BamAdebayo,45,34.6,.569,17.2,9.9,0.0,0.0,0.0,0.0,19.82,209.4,7.0
54,TyreseMaxey,49,37.2,.575,21.1,5.5,0.0,0.0,0.0,0.0,19.80,0.0,0.0
55,MoritzWagner,53,18.4,.663,11.2,11.2,0.0,0.0,0.0,0.0,19.75,0.0,0.0
56,JamesHarden,48,34.6,.641,34.2,10.4,0.0,0.0,0.0,0.0,19.73,0.0,0.0
57,De'AaronFox,48,35.6,.568,17.4,8.1,0.0,0.0,0.0,0.0,19.70,0.0,0.0
58,JamalMurray,40,31.5,.575,24.5,7.7,0.0,0.0,0.0,0.0,19.67,0.0,0.0
59,IvicaZubac,43,26.5,.669,11.3,10.1,0.0,0.0,0.0,0.0,19.60,153.0,5.1
60,AnthonyEdwards,51,35.0,.589,17.0,10.7,0.0,0.0,0.0,0.0,19.58,0.0,0.0
61,EvanMobley,30,31.2,.627,16.1,11.3,0.0,0.0,0.0,0.0,19.56,0.0,0.0
62,NicClaxton,44,29.4,.629,14.8,9.1,0.0,0.0,0.0,0.0,19.54,0.0,0.0
63,Karl-AnthonyTowns,53,32.8,.638,12.5,12.1,0.0,0.0,0.0,0.0,19.42,228.8,7.6
64,ScottieBarnes,55,35.2,.567,22.6,10.3,0.0,0.0,0.0,0.0,19.35,0.0,0.0
65,BolBol,18,8.8,.730,13.5,13.5,0.0,0.0,0.0,0.0,19.32,20.6,0.7
66,NeemiasQueta,23,12.3,.636,10.1,8.3,0.0,0.0,0.0,0.0,19.30,36.7,1.2
67,JoshMinott,18,3.1,.608,9.3,6.2,0.0,0.0,0.0,0.0,19.27,7.1,0.2
68,PascalSiakam,54,34.3,.606,19.4,8.0,0.0,5.0,0.0,10.4,19.25,0.0,0.0
69,NateHinton,11,5.3,.698,19.9,6.6,0.0,0.0,0.0,0.0,19.18,0.0,0.0
70,RudyGobert,53,33.5,.667,9.2,11.6,0.0,0.0,0.0,0.0,18.92,220.5,7.3
71,MylesTurner,52,27.4,.623,8.1,8.7,0.0,0.0,0.0,0.0,18.91,172.4,5.7
72,DesmondBane,37,34.5,.597,18.6,9.4,0.0,0.0,0.0,0.0,18.89,0.0,0.0
73,PaulGeorge,50,33.7,.595,14.8,8.2,0.0,0.0,0.0,0.0,18.86,0.0,0.0
74,DeMarDeRozan,53,37.7,.574,19.8,5.7,0.0,0.0,0.0,0.0,18.78,0.0,0.0
75,LukeKornet,39,14.9,.723,18.4,9.2,0.0,0.0,0.0,0.0,18.77,69.1,2.3
76,JuliusRandle,46,35.4,.569,16.9,11.7,0.0,0.0,0.0,0.0,18.76,0.0,0.0
77,JaValeMcGee,39,7.9,.634,7.8,17.2,0.0,0.0,0.0,0.0,18.65,37.3,1.2
78,WalkerKessler,47,23.4,.657,10.1,12.2,0.0,0.0,0.0,0.0,18.64,131.8,4.4
,JalenDuren,39,30.1,.652,16.6,12.7,0.0,0.0,0.0,0.0,18.64,140.6,4.7
80,T.J.McConnell,45,17.3,.561,38.4,10.8,0.0,0.0,0.0,0.0,18.61,0.0,0.0
81,ColinCastleton,7,5.1,.765,19.0,6.3,0.0,0.0,0.0,0.0,18.54,4.3,0.1
82,JalenWilliams,48,32.1,.629,21.3,8.2,0.0,0.0,0.0,0.0,18.51,177.1,5.9
83,MarvinBagleyIII,37,20.1,.620,9.9,11.1,0.0,13.0,0.0,15.5,18.48,0.0,0.0
84,KevinLove,44,17.6,.604,21.8,7.6,0.0,0.0,0.0,0.0,18.46,0.0,0.0
,CamWhitmore,28,17.0,.592,4.1,6.6,0.0,0.0,0.0,0.0,18.46,54.4,1.8
86,LukaGarza,13,3.0,.545,5.8,5.8,0.0,0.0,0.0,0.0,18.36,4.5,0.2
87,JakobPoeltl,44,26.8,.670,19.3,13.4,0.0,0.0,0.0,0.0,18.32,132.1,4.4
,TerquavionSmith,11,6.2,.557,18.1,7.2,0.0,0.0,0.0,0.0,18.32,7.6,0.3
89,BrandonIngram,51,33.4,.577,21.7,9.3,0.0,0.0,0.0,0.0,18.30,0.0,0.0
90,HarryGilesIII,16,5.1,.543,9.7,9.7,0.0,0.0,0.0,0.0,18.26,0.0,0.0
91,FranzWagner,47,33.3,.575,16.7,8.0,0.0,0.0,0.0,0.0,18.21,0.0,0.0
92,GogaBitadze,46,18.2,.643,21.7,10.5,0.0,0.0,0.0,0.0,18.20,94.9,3.2
93,DexterDennis,4,7.5,.541,14.6,11.0,0.0,0.0,0.0,0.0,18.18,3.3,0.1
94,CJMcCollum,41,32.1,.598,20.9,7.3,0.0,0.0,0.0,0.0,18.01,0.0,0.0
95,DylanWindler,8,3.5,.682,31.3,0.0,0.0,0.0,0.0,6.2,17.81,0.0,0.0
96,JusufNurkic,52,27.2,.576,23.1,12.9,0.0,0.0,0.0,0.0,17.78,151.8,5.1
97,PaoloBanchero,55,35.0,.549,18.0,10.3,0.0,0.0,0.0,0.0,17.73,0.0,0.0
98,CharlesBassey,19,10.8,.739,26.7,19.1,0.0,0.0,0.0,0.0,17.65,21.6,0.7
99,TerryRozier,40,34.1,.552,23.6,7.1,0.0,2.1,0.0,6.7,17.58,0.0,0.0
100,JonathanIsaac,37,14.8,.566,7.2,8.4,0.0,0.0,0.0,0.0,17.48,0.0,0.0
101,JaylenBrown,50,33.4,.574,14.7,9.8,0.0,0.0,0.0,0.0,17.46,0.0,0.0
102,KellyOlynyk,53,20.2,.671,35.5,13.3,0.0,6.9,0.0,13.7,17.38,0.0,0.0
103,IsaiahHartenstein,50,25.6,.650,23.2,13.6,0.0,0.0,0.0,0.0,17.35,125.1,4.2
104,DereckLivelyII,37,25.7,.724,14.8,13.0,0.0,0.0,0.0,0.0,17.32,95.5,3.2
,NikolaVucevic,50,34.4,.528,16.0,6.8,0.0,0.0,0.0,0.0,17.32,172.6,5.8
106,TrendonWatford,38,12.1,.620,20.8,9.8,0.0,0.0,0.0,0.0,17.31,0.0,0.0
107,GuiSantos,12,9.1,.622,14.4,6.2,0.0,0.0,0.0,0.0,17.25,0.0,0.0
108,JordanMiller,5,4.2,.799,0.0,12.7,0.0,0.0,0.0,0.0,17.19,2.0,0.1
109,TariEason,22,21.8,.528,10.8,8.0,0.0,0.0,0.0,0.0,17.16,45.6,1.5
110,RobertWilliamsIII,6,19.8,.684,11.9,16.7,0.0,0.0,0.0,0.0,17.15,11.6,0.4
,AnferneeSimons,30,33.5,.577,18.8,9.0,0.0,0.0,0.0,0.0,17.15,0.0,0.0
112,MasonPlumlee,23,17.6,.679,18.7,10.3,0.0,0.0,0.0,0.0,17.00,38.7,1.3
113,JarenJacksonJr.,51,31.8,.562,8.8,9.8,0.0,0.0,0.0,0.0,16.99,0.0,0.0
114,DonteDiVincenzo,54,25.0,.613,16.7,7.9,0.0,0.0,0.0,0.0,16.98,0.0,0.0
115,PaulReed,54,17.7,.582,16.1,9.1,0.0,0.0,0.0,0.0,16.97,0.0,0.0
,SabenLee,13,7.7,.537,21.6,10.8,0.0,0.0,0.0,0.0,16.97,0.0,0.0
117,MoBamba,32,10.6,.571,12.1,14.7,0.0,0.0,0.0,0.0,16.96,32.1,1.1
,MalcolmBrogdon,39,28.7,.560,26.1,7.3,0.0,0.0,0.0,0.0,16.96,0.0,0.0
119,TobiasHarris,48,34.0,.598,17.1,7.4,0.0,0.0,0.0,0.0,16.95,0.0,0.0
120,TyusJones,54,29.0,.585,36.8,5.1,0.0,0.0,0.0,0.0,16.90,0.0,0.0
121,DeandreAyton,36,32.0,.581,10.5,11.2,0.0,0.0,0.0,0.0,16.89,108.2,3.6
,LonnieWalkerIV,34,18.1,.608,12.9,8.5,0.0,0.0,0.0,0.0,16.89,0.0,0.0
123,RussellWestbrook,53,23.2,.522,26.2,12.0,0.0,0.0,0.0,0.0,16.80,0.0,0.0
124,KhrisMiddleton,43,26.3,.590,25.6,10.5,0.0,0.0,0.0,0.0,16.78,0.0,0.0
125,NickRichards,45,25.9,.718,9.7,12.5,0.0,0.0,0.0,0.0,16.77,103.7,3.5
126,DejounteMurray,52,35.0,.560,19.9,8.6,0.0,0.0,0.0,0.0,16.74,0.0,0.0
127,JonathanKuminga,51,25.6,.601,11.4,9.9,0.0,0.0,0.0,0.0,16.64,0.0,0.0
,DarioSaric,50,19.3,.616,21.6,10.6,0.0,0.0,0.0,0.0,16.64,0.0,0.0
129,DanteExum,32,19.7,.663,26.7,7.9,0.0,0.0,0.0,0.0,16.63,0.0,0.0
130,OnyekaOkongwu,53,25.8,.675,13.7,8.7,0.0,0.0,0.0,0.0,16.60,0.0,0.0
131,DuopReath,39,17.4,.605,12.4,8.0,0.0,0.0,0.0,0.0,16.56,60.4,2.0
132,JordanFord,6,3.7,.761,18.4,9.2,0.0,0.0,0.0,0.0,16.54,1.9,0.1
133,DerrickWhite,51,32.3,.611,24.8,8.5,0.0,0.0,0.0,0.0,16.47,0.0,0.0
134,BenSimmons,12,25.7,.584,45.0,14.4,0.0,0.0,0.0,0.0,16.42,0.0,0.0
135,D'AngeloRussell,51,31.2,.588,27.4,8.4,0.0,0.0,0.0,0.0,16.34,0.0,0.0
136,BobanMarjanovic,9,5.3,.486,13.5,6.7,0.0,0.0,0.0,0.0,16.32,4.1,0.1
137,AaronGordon,49,31.7,.596,19.1,8.7,0.0,0.0,0.0,0.0,16.31,0.0,0.0
138,MilesBridges,43,37.0,.565,13.9,8.0,0.0,0.0,0.0,0.0,16.18,0.0,0.0
139,ScottyPippenJr.,8,22.6,.615,30.2,12.6,0.0,0.0,0.0,0.0,16.17,14.5,0.5
140,DeAndreJordan,29,11.3,.605,14.6,13.9,0.0,0.0,0.0,0.0,16.12,26.9,0.9
141,ThaddeusYoung,23,15.2,.618,32.6,7.2,0.0,0.0,0.0,0.0,16.09,0.0,0.0
,MitchellRobinson,21,29.2,.567,10.0,13.9,0.0,0.0,0.0,0.0,16.09,50.2,1.7
143,FredVanVleet,47,36.7,.557,33.3,6.5,0.0,0.0,0.0,0.0,16.07,0.0,0.0
,JohnCollins,51,27.8,.603,7.9,9.7,0.0,0.0,0.0,0.0,16.07,0.0,0.0
145,MikalBridges,54,35.2,.573,14.8,9.0,0.0,0.0,0.0,0.0,16.03,0.0,0.0
146,NoahClowney,7,9.9,.703,20.2,10.1,0.0,0.0,0.0,0.0,16.00,5.4,0.2
147,MalikMonk,53,25.8,.581,25.8,10.7,0.0,0.0,0.0,0.0,15.99,0.0,0.0
148,IsaiahMobley,3,4.7,.625,44.4,11.1,0.0,0.0,0.0,0.0,15.98,1.1,0.0
149,CraigPorter,32,14.7,.559,29.4,10.7,0.0,0.0,0.0,0.0,15.95,36.1,1.2
150,AustinReaves,56,31.1,.619,26.8,10.3,0.0,0.0,0.0,0.0,15.92,0.0,0.0
151,JeramiGrant,46,34.0,.578,11.5,8.8,0.0,0.0,0.0,0.0,15.91,0.0,0.0
,DevinVassell,50,31.7,.579,17.2,6.4,0.0,0.0,0.0,0.0,15.91,0.0,0.0
153,JalenJohnson,41,34.0,.598,18.2,9.7,0.0,0.0,0.0,0.0,15.88,0.0,0.0
154,JamesBouknight,14,5.8,.597,12.0,4.0,0.0,0.0,0.0,0.0,15.81,0.0,0.0
,BobbyPortis,55,24.0,.572,8.3,7.2,0.0,0.0,0.0,0.0,15.81,98.5,3.3
156,AlexLen,22,8.3,.622,28.0,17.8,0.0,0.0,0.0,0.0,15.80,14.2,0.5
157,ShaquilleHarrison,3,2.0,.500,0.0,0.0,0.0,0.0,0.0,0.0,15.77,0.0,0.0
158,ChrisBoucher,46,13.9,.607,6.8,7.8,0.0,0.0,0.0,0.0,15.74,0.0,0.0
159,RJBarrett,45,31.2,.568,13.3,8.8,0.0,3.3,0.0,9.5,15.71,0.0,0.0
160,ImmanuelQuickley,50,27.2,.571,20.6,6.1,0.0,1.0,0.0,6.4,15.70,0.0,0.0
161,TreMann,16,13.1,.586,31.2,11.9,0.0,3.8,0.0,12.0,15.68,0.0,0.0
,NazReid,54,22.5,.606,8.5,9.9,0.0,0.0,0.0,0.0,15.68,92.1,3.1
163,AmenThompson,35,19.2,.552,22.7,14.0,0.0,0.0,0.0,0.0,15.66,48.8,1.6
164,GGJackson,22,19.0,.567,7.5,7.5,0.0,0.0,0.0,0.0,15.64,30.1,1.0
165,KevonLooney,52,18.2,.636,31.2,11.0,0.0,0.0,0.0,0.0,15.58,67.5,2.2
166,KyleKuzma,52,31.7,.543,15.4,9.8,0.0,0.0,0.0,0.0,15.52,0.0,0.0
167,CadeCunningham,44,34.0,.539,23.8,11.4,0.0,0.0,0.0,0.0,15.49,0.0,0.0
168,CobyWhite,55,36.3,.591,21.9,9.2,0.0,0.0,0.0,0.0,15.48,0.0,0.0
169,BrunoFernando,18,8.9,.561,8.8,10.1,0.0,0.0,0.0,0.0,15.43,0.0,0.0
170,JamesWiseman,35,14.1,.673,10.6,14.4,0.0,0.0,0.0,0.0,15.42,35.6,1.2
,DariusGarland,29,31.8,.575,23.7,13.0,0.0,0.0,0.0,0.0,15.42,0.0,0.0
,LarryNanceJr.,37,18.6,.661,24.3,11.7,0.0,0.0,0.0,0.0,15.42,0.0,0.0
173,KeonJohnson,3,15.7,.615,11.8,11.8,0.0,0.0,0.0,0.0,15.40,0.0,0.0
174,MikeConley,49,29.1,.616,40.3,6.7,0.0,0.0,0.0,0.0,15.38,0.0,0.0
175,ObiToppin,56,22.5,.668,14.9,8.2,0.0,0.0,0.0,0.0,15.37,0.0,0.0
176,TylerHerro,35,33.7,.549,17.2,8.4,0.0,0.0,0.0,0.0,15.35,0.0,0.0
177,SamMerrill,37,15.6,.638,18.7,3.7,0.0,0.0,0.0,0.0,15.32,0.0,0.0
178,JermaineSamuelsJr.,11,4.8,.758,14.4,0.0,0.0,0.0,0.0,0.0,15.30,3.6,0.1
179,DeniAvdija,54,28.2,.613,22.3,11.8,0.0,0.0,0.0,0.0,15.27,0.0,0.0
180,CamThomas,45,29.7,.546,10.9,7.6,0.0,0.0,0.0,0.0,15.25,0.0,0.0
181,ZachLaVine,25,34.9,.578,17.2,9.1,0.0,0.0,0.0,0.0,15.19,0.0,0.0
182,ThomasBryant,25,10.4,.611,12.9,12.9,0.0,0.0,0.0,0.0,15.18,17.7,0.6
,DaniloGallinari,32,14.8,.619,17.6,5.3,0.0,3.1,0.0,10.2,15.18,0.0,0.0
184,JDDavison,2,3.0,.532,0.0,0.0,0.0,0.0,0.0,0.0,15.17,0.0,0.0
185,JalenWilson,16,14.6,.644,21.7,4.3,0.0,0.0,0.0,0.0,15.16,15.2,0.5
186,BogdanBogdanovic,53,28.9,.571,14.8,6.3,0.0,0.0,0.0,0.0,15.14,0.0,0.0
187,DavisBertans,18,7.1,.620,18.5,1.7,0.0,1.8,0.0,5.7,15.13,0.0,0.0
188,WendellCarterJr.,29,26.2,.637,13.5,10.0,0.0,0.0,0.0,0.0,15.08,50.8,1.7
,JacobToppin,5,6.6,.658,15.5,7.8,0.0,0.0,0.0,0.0,15.08,2.1,0.1
190,JoshGiddey,53,24.9,.520,25.8,11.2,0.0,0.0,0.0,0.0,15.04,0.0,0.0
191,BrookLopez,52,31.5,.600,12.2,7.0,0.0,0.0,0.0,0.0,15.03,108.2,3.6
192,AaronWiggins,51,14.4,.692,15.9,9.2,0.0,0.0,0.0,0.0,14.99,0.0,0.0
193,DwightPowell,47,15.4,.741,31.4,12.0,0.0,0.0,0.0,0.0,14.96,45.1,1.5
,OrlandoRobinson,24,10.0,.613,23.8,12.3,0.0,0.0,0.0,0.0,14.96,15.5,0.5
195,LamarStevens,21,8.0,.546,9.9,12.2,0.0,9.1,0.0,14.6,14.94,0.0,0.0
196,DrewEubanks,49,16.0,.663,15.2,15.6,0.0,0.0,0.0,0.0,14.85,0.0,0.0
197,BradleyBeal,30,32.6,.579,19.9,10.7,0.0,0.0,0.0,0.0,14.84,0.0,0.0
198,OlivierSarr,12,7.4,.653,7.0,10.4,0.0,0.0,0.0,0.0,14.79,5.6,0.2
199,TreyMurphyIII,30,25.8,.593,12.7,3.9,0.0,0.0,0.0,0.0,14.77,0.0,0.0
200,DominickBarlow,23,13.3,.531,20.0,3.8,0.0,0.0,0.0,0.0,14.75,0.0,0.0
201,PreciousAchiuwa,48,21.3,.537,14.0,10.7,0.0,13.3,0.0,16.5,14.71,0.0,0.0
202,CarisLeVert,43,27.5,.526,22.5,7.6,0.0,0.0,0.0,0.0,14.70,0.0,0.0
203,CameronJohnson,41,28.2,.581,17.0,6.3,0.0,0.0,0.0,0.0,14.60,0.0,0.0
204,AlexCaruso,47,27.1,.628,23.6,11.5,0.0,0.0,0.0,0.0,14.59,0.0,0.0
205,MichaelPorterJr.,54,31.6,.587,9.0,6.8,0.0,0.0,0.0,0.0,14.55,0.0,0.0
206,DraymondGreen,28,26.9,.601,37.7,15.3,0.0,0.0,0.0,0.0,14.52,0.0,0.0
207,TreJones,50,26.0,.576,37.1,9.0,0.0,0.0,0.0,0.0,14.49,0.0,0.0
208,MosesMoody,39,17.3,.582,9.6,8.1,0.0,0.0,0.0,0.0,14.48,0.0,0.0
209,DanielTheis,40,16.8,.599,14.6,9.8,0.0,10.2,0.0,12.1,14.42,38.3,1.3
210,TristanThompson,36,12.4,.605,22.9,13.2,0.0,0.0,0.0,0.0,14.40,25.3,0.8
211,ChrisPaul,32,27.6,.543,43.3,7.2,0.0,0.0,0.0,0.0,14.39,0.0,0.0
212,TazeMoore,3,3.3,.600,14.3,14.3,0.0,0.0,0.0,0.0,14.36,0.5,0.0
213,AlecBurks,46,21.1,.573,11.6,6.0,0.0,2.0,0.0,6.7,14.33,0.0,0.0
214,ColeAnthony,54,23.0,.549,19.5,11.3,0.0,0.0,0.0,0.0,14.32,0.0,0.0
215,JrueHoliday,50,33.3,.591,26.9,10.5,0.0,0.0,0.0,0.0,14.28,0.0,0.0
216,JontayPorter,17,13.0,.498,26.0,8.7,0.0,0.0,0.0,0.0,14.27,0.0,0.0
217,KeldonJohnson,51,29.9,.551,15.8,8.1,0.0,0.0,0.0,0.0,14.22,0.0,0.0
218,AlHorford,45,27.2,.628,28.8,7.4,0.0,0.0,0.0,0.0,14.19,65.6,2.2
219,RichaunHolmes,25,10.4,.583,15.2,11.4,0.0,14.1,0.0,16.9,14.18,13.1,0.4
,RuiHachimura,42,24.2,.608,9.4,6.1,0.0,0.0,0.0,0.0,14.18,0.0,0.0
221,GordonHayward,25,31.9,.544,23.2,10.2,0.0,0.0,0.0,0.0,14.08,0.0,0.0
222,KendallBrown,5,4.0,.579,18.8,0.0,0.0,0.0,0.0,0.0,14.06,0.0,0.0
,NormanPowell,53,25.2,.637,7.8,6.9,0.0,0.0,0.0,0.0,14.06,0.0,0.0
224,JordanMcLaughlin,32,8.9,.516,37.2,7.7,0.0,0.0,0.0,0.0,14.05,0.0,0.0
225,KrisDunn,47,17.9,.552,40.9,12.0,0.0,0.0,0.0,0.0,14.04,0.0,0.0
226,DelonWright,33,13.8,.497,36.0,4.8,0.0,0.0,0.0,0.0,14.02,0.0,0.0
,SandroMamukelashvili,30,6.5,.504,24.9,7.4,0.0,0.0,0.0,0.0,14.02,0.0,0.0
228,DennisSmithJr.,38,20.0,.507,32.4,10.0,0.0,0.0,0.0,0.0,14.01,0.0,0.0
229,OshaeBrissett,36,11.1,.566,17.8,6.8,0.0,0.0,0.0,0.0,13.94,0.0,0.0
230,MarcusSasser,49,16.4,.583,28.7,9.4,0.0,0.0,0.0,0.0,13.87,36.7,1.2
231,AaronNesmith,51,27.1,.651,11.7,8.1,0.0,0.0,0.0,0.0,13.85,0.0,0.0
,ChimezieMetu,37,12.1,.621,9.7,13.9,0.0,0.0,0.0,0.0,13.85,0.0,0.0
233,DerrickRose,21,17.3,.540,27.1,9.5,0.0,0.0,0.0,0.0,13.81,0.0,0.0
234,TalenHorton-Tucker,35,20.6,.511,25.1,9.7,0.0,0.0,0.0,0.0,13.80,0.0,0.0
235,BojanBogdanovic,30,32.6,.596,11.4,10.1,0.0,1.5,0.0,5.8,13.74,0.0,0.0
236,PaytonPritchard,55,20.7,.579,26.9,5.6,0.0,0.0,0.0,0.0,13.73,0.0,0.0
237,IsaiahJoe,50,18.6,.640,13.4,7.2,0.0,0.0,0.0,0.0,13.69,0.0,0.0
238,JeremiahRobinson-Earl,21,10.0,.621,12.2,11.0,0.0,0.0,0.0,0.0,13.67,0.0,0.0
239,BrandinPodziemski,46,26.3,.548,27.1,9.0,0.0,0.0,0.0,0.0,13.66,51.6,1.7
240,MarkelleFultz,21,24.0,.500,27.8,8.7,0.0,0.0,0.0,0.0,13.64,0.0,0.0
241,UdokaAzubuike,14,7.6,.652,8.9,11.8,0.0,0.0,0.0,0.0,13.63,4.8,0.2
242,DennisSchroder,54,30.3,.553,30.6,8.3,0.0,1.5,0.0,5.1,13.58,0.0,0.0
,HerbertJones,50,28.7,.628,19.6,10.0,0.0,0.0,0.0,0.0,13.58,0.0,0.0
244,SashaVezenkov,35,12.6,.574,7.6,5.6,0.0,0.0,0.0,0.0,13.57,18.2,0.6
,BraxtonKey,15,3.4,.482,30.0,3.8,0.0,0.0,0.0,0.0,13.57,2.1,0.1
246,GraysonAllen,49,32.9,.690,23.0,9.8,0.0,0.0,0.0,0.0,13.56,0.0,0.0
247,GaryPaytonII,19,16.1,.585,15.9,8.7,0.0,0.0,0.0,0.0,13.55,0.0,0.0
248,JadenIvey,50,27.7,.559,18.4,12.5,0.0,0.0,0.0,0.0,13.53,0.0,0.0
249,OGAnunoby,41,34.2,.609,13.9,9.3,0.0,3.0,0.0,6.8,13.52,0.0,0.0
250,BuddyHield,56,26.6,.595,20.1,8.8,0.0,2.7,0.0,7.0,13.51,0.0,0.0
251,KellyOubreJr.,42,29.0,.556,7.5,5.7,0.0,0.0,0.0,0.0,13.50,0.0,0.0
252,JalenGreen,54,30.6,.527,14.9,9.7,0.0,0.0,0.0,0.0,13.48,0.0,0.0
253,RobertCovington,29,16.8,.580,16.6,7.6,0.0,7.0,0.0,11.0,13.43,0.0,0.0
254,JoseAlvarado,37,16.6,.541,20.4,7.6,0.0,0.0,0.0,0.0,13.41,0.0,0.0
255,JaxsonHayes,45,11.0,.703,13.2,13.8,0.0,0.0,0.0,0.0,13.39,20.6,0.7
256,JordanNwora,28,11.0,.560,16.8,10.0,0.0,4.7,0.0,10.1,13.30,0.0,0.0
257,JabariSmithJr.,49,31.6,.567,10.0,8.8,0.0,0.0,0.0,0.0,13.24,0.0,0.0
258,NajiMarshall,44,18.5,.577,20.3,11.5,0.0,0.0,0.0,0.0,13.20,0.0,0.0
259,De'AnthonyMelton,33,29.1,.540,20.8,7.5,0.0,0.0,0.0,0.0,13.18,0.0,0.0
260,LukeKennard,27,24.7,.638,23.8,8.5,0.0,0.0,0.0,0.0,13.16,0.0,0.0
,ZachCollins,43,24.2,.557,20.0,13.3,0.0,0.0,0.0,0.0,13.16,0.0,0.0
262,SpencerDinwiddie,50,30.7,.533,31.5,7.1,0.0,1.8,0.0,5.7,13.15,0.0,0.0
263,KeeganMurray,50,32.5,.569,10.9,5.5,0.0,0.0,0.0,0.0,13.11,0.0,0.0
,De'AndreHunter,31,28.4,.618,8.9,9.8,0.0,0.0,0.0,0.0,13.11,0.0,0.0
,JaraceWalker,17,10.2,.536,20.2,10.1,0.0,0.0,0.0,0.0,13.11,6.0,0.2
266,TimHardawayJr.,52,29.8,.561,9.6,5.3,0.0,0.0,0.0,0.0,13.10,0.0,0.0
,AusarThompson,54,24.0,.520,16.2,11.3,0.0,0.0,0.0,0.0,13.10,44.6,1.5
268,SaddiqBey,54,32.5,.554,10.1,5.7,0.0,0.0,0.0,0.0,13.09,0.0,0.0
,JabariWalker,49,22.1,.557,8.8,10.3,0.0,0.0,0.0,0.0,13.09,36.9,1.2
270,Devonte'Graham,12,8.3,.522,34.2,5.4,0.0,0.0,0.0,0.0,13.06,0.0,0.0
271,ReggieJackson,55,23.1,.543,26.0,8.6,0.0,0.0,0.0,0.0,13.02,0.0,0.0
,MilesMcBride,42,12.5,.566,15.2,5.8,0.0,0.0,0.0,0.0,13.02,0.0,0.0
273,KevinHuerter,52,25.0,.578,20.4,6.1,0.0,0.0,0.0,0.0,13.01,0.0,0.0
274,StanleyUmude,17,11.2,.711,10.9,13.3,0.0,0.0,0.0,0.0,12.95,6.1,0.2
275,DuncanRobinson,50,27.4,.623,19.0,9.0,0.0,0.0,0.0,0.0,12.91,0.0,0.0
,DamianJones,25,6.0,.624,20.7,15.6,0.0,0.0,0.0,0.0,12.91,5.2,0.2
277,VinceWilliamsJr.,43,26.4,.599,23.3,11.5,0.0,0.0,0.0,0.0,12.89,35.4,1.2
278,SantiAldama,43,24.6,.528,16.0,8.3,0.0,0.0,0.0,0.0,12.88,0.0,0.0
279,MosesBrown,9,9.1,.395,7.0,13.9,0.0,0.0,0.0,0.0,12.87,2.8,0.1
280,CoreyKispert,53,22.5,.616,13.2,8.4,0.0,0.0,0.0,0.0,12.82,0.0,0.0
281,BrandonMiller,48,31.4,.556,12.1,9.0,0.0,0.0,0.0,0.0,12.80,45.0,1.5
282,DruSmith,9,14.6,.576,26.5,9.5,0.0,0.0,0.0,0.0,12.70,3.7,0.1
,AyoDosunmu,53,25.5,.610,19.7,9.3,0.0,0.0,0.0,0.0,12.70,0.0,0.0
284,JalenSuggs,50,26.9,.576,16.1,12.5,0.0,0.0,0.0,0.0,12.63,0.0,0.0
285,JaimeJaquezJr.,49,29.5,.574,16.7,10.9,0.0,0.0,0.0,0.0,12.61,39.0,1.3
286,BennedictMathurin,52,25.5,.561,11.7,10.3,0.0,0.0,0.0,0.0,12.56,0.0,0.0
,TreyLyles,39,20.1,.625,15.3,7.8,0.0,0.0,0.0,0.0,12.56,0.0,0.0
288,JordanGoodwin,41,14.2,.483,24.9,8.9,0.0,8.5,0.0,11.7,12.54,0.0,0.0
289,KyleAnderson,54,21.9,.524,36.4,10.9,0.0,0.0,0.0,0.0,12.53,0.0,0.0
290,JordanClarkson,45,30.1,.524,19.8,11.4,0.0,0.0,0.0,0.0,12.51,0.0,0.0
291,CameronPayne,51,15.8,.583,28.6,7.6,0.0,1.3,0.0,4.8,12.48,0.0,0.0
292,P.J.Washington,47,29.2,.540,13.7,9.4,0.0,4.3,0.0,10.1,12.37,0.0,0.0
293,KlayThompson,49,30.6,.554,11.8,8.0,0.0,0.0,0.0,0.0,12.34,0.0,0.0
294,ChristianWood,50,17.4,.568,12.1,12.4,0.0,0.0,0.0,0.0,12.28,21.9,0.7
295,A.J.Lawson,27,8.5,.558,11.3,8.7,0.0,0.0,0.0,0.0,12.25,5.0,0.2
296,NateWilliams,10,7.4,.499,12.8,2.6,0.0,0.0,0.0,0.0,12.20,1.5,0.1
297,PeytonWatson,53,18.3,.560,13.2,8.7,0.0,0.0,0.0,0.0,12.19,20.1,0.7
298,LandryShamet,37,15.1,.569,14.9,7.3,0.0,0.0,0.0,0.0,12.16,0.0,0.0
299,AJGreen,35,9.2,.622,13.9,2.1,0.0,0.0,0.0,0.0,12.06,6.0,0.2
300,BruceBrown,47,28.6,.561,19.7,8.5,0.0,3.3,0.0,9.1,11.96,0.0,0.0
301,DerrickJonesJr.,50,25.3,.598,10.2,9.4,0.0,0.0,0.0,0.0,11.96,0.0,0.0
302,AmirCoffey,41,17.9,.711,13.5,7.0,0.0,0.0,0.0,0.0,11.93,0.0,0.0
303,JoshOkogie,49,17.6,.547,17.9,8.8,0.0,0.0,0.0,0.0,11.91,0.0,0.0
304,AndrewNembhard,42,22.9,.559,31.9,11.8,0.0,0.0,0.0,0.0,11.87,0.0,0.0
305,IsaacOkoro,44,26.2,.599,18.4,7.6,0.0,0.0,0.0,0.0,11.85,0.0,0.0
306,TroyBrownJr.,40,11.5,.602,19.3,9.4,0.0,4.0,0.0,10.4,11.77,0.0,0.0
307,XavierTillman,34,20.6,.440,17.9,9.1,0.0,0.0,0.0,0.0,11.75,9.9,0.3
308,HarrisonBarnes,54,29.9,.628,10.1,6.1,0.0,0.0,0.0,0.0,11.74,0.0,0.0
,SkylarMays,29,14.2,.461,31.5,7.2,0.0,2.6,0.0,5.6,11.74,0.0,0.0
310,MarcusSmart,20,30.3,.552,21.0,15.1,0.0,0.0,0.0,0.0,11.71,0.0,0.0
,AaronHoliday,51,17.9,.601,21.6,9.0,0.0,0.0,0.0,0.0,11.71,0.0,0.0
312,BrandonWilliams,12,4.9,.447,28.7,7.2,0.0,0.0,0.0,0.0,11.70,0.0,0.0
313,EricGordon,47,29.7,.599,16.1,9.1,0.0,0.0,0.0,0.0,11.69,0.0,0.0
314,JacobGilyard,36,17.8,.610,42.6,9.5,0.0,0.0,0.0,0.0,11.68,8.3,0.3
315,JadenHardy,50,15.7,.520,16.2,7.5,0.0,0.0,0.0,0.0,11.60,0.0,0.0
316,SamHauser,54,21.5,.628,12.2,6.1,0.0,0.0,0.0,0.0,11.59,0.0,0.0
317,NikolaJovic,22,16.5,.557,23.3,11.6,0.0,0.0,0.0,0.0,11.58,0.0,0.0
,JamesJohnson,5,4.8,.400,41.7,16.7,0.0,0.0,0.0,0.0,11.58,0.0,0.0
319,JayHuff,8,2.8,.714,11.1,11.1,0.0,0.0,0.0,0.0,11.57,0.3,0.0
320,JarredVanderbilt,29,20.0,.578,18.6,14.4,0.0,0.0,0.0,0.0,11.56,0.0,0.0
321,JaylinWilliams,46,12.4,.525,25.5,7.5,0.0,0.0,0.0,0.0,11.54,6.3,0.2
,CodyZeller,36,8.0,.468,29.5,11.3,0.0,0.0,0.0,0.0,11.54,4.0,0.1
323,NicolasBatum,34,24.9,.684,32.5,8.7,0.0,5.5,0.0,8.6,11.52,0.0,0.0
324,ZekeNnaji,40,9.6,.513,13.1,14.2,0.0,0.0,0.0,0.0,11.49,0.0,0.0
325,AnthonyGill,29,5.6,.564,13.7,18.7,0.0,0.0,0.0,0.0,11.48,0.0,0.0
326,CediOsman,55,18.0,.595,20.5,7.9,0.0,0.0,0.0,0.0,11.46,0.0,0.0
327,KeitaBates-Diop,41,15.0,.536,15.5,6.4,0.0,5.9,0.0,9.5,11.45,0.0,0.0
328,AndrewWiggins,47,27.1,.524,11.2,8.3,0.0,0.0,0.0,0.0,11.43,0.0,0.0
,DysonDaniels,52,21.9,.518,29.2,11.2,0.0,0.0,0.0,0.0,11.43,10.7,0.4
330,PatrickBeverley,50,19.3,.547,31.5,10.8,0.0,3.4,0.0,8.5,11.40,0.0,0.0
,SimoneFontecchio,53,23.4,.588,14.4,9.5,0.0,4.9,0.0,8.4,11.40,11.1,0.4
,TorreyCraig,33,21.0,.559,15.4,8.1,0.0,0.0,0.0,0.0,11.40,0.0,0.0
333,JohnKonchar,44,19.4,.521,28.8,10.7,0.0,0.0,0.0,0.0,11.37,0.0,0.0
334,CasonWallace,54,20.7,.630,18.5,6.4,0.0,0.0,0.0,0.0,11.36,9.3,0.3
335,ShaedonSharpe,32,33.1,.524,14.4,11.0,0.0,0.0,0.0,0.0,11.34,0.0,0.0
336,JoshRichardson,43,25.7,.573,20.5,7.0,0.0,0.0,0.0,0.0,11.33,0.0,0.0
337,CalebMartin,38,26.6,.541,17.0,9.0,0.0,0.0,0.0,0.0,11.32,0.0,0.0
338,JordanHawkins,48,20.2,.559,12.0,7.1,0.0,0.0,0.0,0.0,11.30,7.3,0.2
339,JamalCain,16,14.1,.531,4.5,5.7,0.0,0.0,0.0,0.0,11.27,1.6,0.1
340,MalikBeasley,53,29.5,.639,12.5,6.5,0.0,0.0,0.0,0.0,11.26,0.0,0.0
341,ChristianBraun,55,19.0,.535,16.2,7.7,0.0,0.0,0.0,0.0,11.20,6.2,0.2
342,JeremySochan,55,29.4,.519,21.6,11.7,0.0,0.0,0.0,0.0,11.15,8.5,0.3
343,BlakeWesley,34,13.0,.553,37.3,10.9,0.0,0.0,0.0,0.0,11.12,2.1,0.1
344,KevonHarris,2,3.0,.667,20.0,20.0,0.0,0.0,0.0,0.0,11.10,0.0,0.0
345,LindyWatersIII,23,7.3,.644,17.6,5.9,0.0,0.0,0.0,0.0,11.04,0.6,0.0
,KenrichWilliams,43,14.9,.555,23.0,6.7,0.0,0.0,0.0,0.0,11.04,0.0,0.0
347,MaxStrus,53,32.3,.538,22.5,8.8,0.0,0.0,0.0,0.0,11.03,0.0,0.0
348,PatrickWilliams,43,27.3,.553,12.9,11.2,0.0,0.0,0.0,0.0,11.01,0.0,0.0
349,OmerYurtseven,30,9.1,.507,10.3,19.1,0.0,0.0,0.0,0.0,10.99,1.6,0.1
,IsaiahStewart,35,30.6,.579,13.6,12.0,0.0,0.0,0.0,0.0,10.99,6.3,0.2
351,LuguentzDort,52,28.5,.590,12.1,8.3,0.0,0.0,0.0,0.0,10.96,0.0,0.0
352,KeyonteGeorge,49,24.6,.533,25.4,11.8,0.0,0.0,0.0,0.0,10.94,2.5,0.1
,JoeIngles,41,17.3,.575,38.0,11.2,0.0,0.0,0.0,0.0,10.94,0.0,0.0
354,KyleLowry,37,28.0,.582,31.9,11.5,0.0,0.0,0.0,0.0,10.79,0.0,0.0
355,JeffGreen,52,16.9,.608,12.0,10.8,0.0,0.0,0.0,0.0,10.65,0.0,0.0
,JulianChampagnie,48,16.6,.563,15.8,9.4,0.0,0.0,0.0,0.0,10.65,-1.8,-0.1
357,RoyceO'Neale,52,24.4,.547,26.5,9.6,0.0,3.3,0.0,10.1,10.60,0.0,0.0
358,DillonBrooks,45,31.4,.575,10.5,9.2,0.0,0.0,0.0,0.0,10.59,0.0,0.0
359,TreyJemison,8,14.8,.551,12.8,17.9,0.0,9.9,0.0,11.6,10.52,-0.1,-0.0
360,JadenSpringer,32,11.8,.481,18.0,13.4,0.0,0.0,0.0,0.0,10.50,0.0,0.0
361,JoshHart,54,29.9,.515,26.7,10.6,0.0,0.0,0.0,0.0,10.48,0.0,0.0
,JoshGreen,42,27.3,.607,23.0,9.7,0.0,0.0,0.0,0.0,10.48,0.0,0.0
363,MarcusMorrisSr.,37,17.2,.559,9.8,7.1,0.0,0.0,0.0,0.0,10.43,0.0,0.0
364,JockLandale,29,9.3,.438,16.9,11.3,0.0,0.0,0.0,0.0,10.40,-0.8,-0.0
365,GregBrownIII,6,6.7,.501,17.4,17.4,0.0,0.0,0.0,0.0,10.39,0.0,0.0
,JordanPoole,52,29.2,.511,17.5,10.2,0.0,0.0,0.0,0.0,10.39,0.0,0.0
367,KillianHayes,42,24.0,.474,36.5,9.1,0.0,0.0,0.0,0.0,10.38,0.0,0.0
368,Olivier-MaxenceProsper,30,8.5,.471,17.3,4.5,0.0,0.0,0.0,0.0,10.37,-1.7,-0.1
369,GaryTrentJr.,50,26.3,.541,11.6,5.5,0.0,0.0,0.0,0.0,10.32,0.0,0.0
370,JerichoSims,28,11.0,.711,16.0,14.2,0.0,0.0,0.0,0.0,10.30,0.0,0.0
371,NickeilAlexander-Walker,54,23.1,.575,26.4,9.9,0.0,0.0,0.0,0.0,10.25,0.0,0.0
372,KentaviousCaldwell-Pope,50,31.9,.581,19.4,8.2,0.0,0.0,0.0,0.0,10.17,0.0,0.0
373,IshWainright,7,6.6,.530,0.0,5.0,0.0,0.0,0.0,0.0,10.16,0.0,0.0
374,MalachiFlynn,47,11.6,.535,26.9,12.3,0.0,2.6,0.0,7.3,10.15,0.0,0.0
375,OusmaneDieng,29,11.2,.555,20.0,10.3,0.0,0.0,0.0,0.0,10.12,0.0,0.0
,JaredRhoden,6,7.0,.631,21.2,15.9,0.0,0.0,0.0,0.0,10.12,-0.4,-0.0
377,DeanWade,44,21.1,.597,13.8,7.3,0.0,0.0,0.0,0.0,10.04,0.0,0.0
378,DorianFinney-Smith,45,28.1,.542,13.9,7.4,0.0,0.0,0.0,0.0,9.97,0.0,0.0
,TerryTaylor,18,7.3,.563,14.5,16.9,0.0,0.0,0.0,0.0,9.97,0.0,0.0
380,DalanoBanton,26,8.5,.485,19.6,12.5,0.0,6.5,0.0,10.4,9.95,0.0,0.0
381,TeranceMann,47,24.9,.554,19.4,6.8,0.0,0.0,0.0,0.0,9.94,0.0,0.0
382,LeakyBlack,22,9.9,.554,26.4,7.3,0.0,0.0,0.0,0.0,9.93,-2.8,-0.1
383,BismackBiyombo,30,23.9,.560,22.3,16.6,0.0,0.0,0.0,0.0,9.89,-7.6,-0.3
384,MatisseThybulle,51,23.2,.542,18.7,8.1,0.0,0.0,0.0,0.0,9.88,0.0,0.0
385,NassirLittle,32,13.1,.576,13.0,8.9,0.0,0.0,0.0,0.0,9.85,0.0,0.0
386,KevinKnoxII,31,18.1,.570,9.6,9.1,0.0,0.0,0.0,0.0,9.83,0.0,0.0
387,PatrickBaldwinJr.,17,7.2,.540,11.8,10.1,0.0,0.0,0.0,0.0,9.80,-1.8,-0.1
388,GaryHarris,33,22.5,.568,21.2,6.6,0.0,0.0,0.0,0.0,9.77,0.0,0.0
389,KesslerEdwards,36,4.9,.540,14.3,1.6,0.0,0.0,0.0,0.0,9.76,0.0,0.0
390,KeonEllis,33,11.5,.585,24.9,11.1,0.0,0.0,0.0,0.0,9.71,-6.1,-0.2
391,SethCurry,39,13.2,.522,15.0,7.5,0.0,3.4,0.0,6.0,9.69,0.0,0.0
392,ToumaniCamara,52,23.8,.520,11.1,13.3,0.0,0.0,0.0,0.0,9.60,-22.2,-0.7
393,HaywoodHighsmith,40,21.2,.551,15.0,8.9,0.0,0.0,0.0,0.0,9.58,-15.4,-0.5
,PatConnaughton,49,21.3,.606,28.7,8.8,0.0,0.0,0.0,0.0,9.58,0.0,0.0
395,Jae'SeanTate,51,17.5,.538,18.9,7.7,0.0,0.0,0.0,0.0,9.57,0.0,0.0
396,MattRyan,14,21.6,.664,11.6,13.2,0.0,0.0,0.0,0.0,9.54,-5.7,-0.2
397,KrisMurray,33,13.2,.499,14.5,10.7,0.0,0.0,0.0,0.0,9.49,-8.5,-0.3
398,BrandonBostonJr.,16,7.4,.482,6.8,6.8,0.0,0.0,0.0,0.0,9.46,0.0,0.0
399,DaishenNix,9,3.3,.479,9.6,4.8,0.0,0.0,0.0,0.0,9.43,0.0,0.0
,QuentinGrimes,45,20.2,.543,13.9,5.6,0.0,0.0,0.0,0.0,9.43,0.0,0.0
401,JadenMcDaniels,44,28.7,.587,11.4,10.8,0.0,0.0,0.0,0.0,9.42,0.0,0.0
402,MaxiKleber,19,21.6,.586,24.0,13.0,0.0,0.0,0.0,0.0,9.36,0.0,0.0
403,GeorgesNiang,53,21.7,.558,12.1,7.7,0.0,0.0,0.0,0.0,9.35,0.0,0.0
404,JaeCrowder,24,24.7,.576,19.7,5.6,0.0,0.0,0.0,0.0,9.32,0.0,0.0
405,LesterQuinones,18,12.7,.524,18.4,10.5,0.0,0.0,0.0,0.0,9.22,-5.4,-0.2
406,JalenPickett,16,6.1,.571,25.6,12.8,0.0,0.0,0.0,0.0,9.19,-2.3,-0.1
407,FurkanKorkmaz,35,8.6,.519,20.9,8.3,0.0,0.0,0.0,0.0,9.15,0.0,0.0
408,ShakeMilton,41,13.3,.496,19.2,10.6,0.0,3.1,0.0,7.3,9.11,0.0,0.0
409,DereonSeabron,5,10.4,.448,20.4,0.0,0.0,0.0,0.0,0.0,9.10,-1.3,-0.0
410,DougMcDermott,49,15.1,.603,18.0,7.8,0.0,1.3,0.0,3.6,9.07,0.0,0.0
411,JulianStrawther,35,13.9,.493,15.2,6.4,0.0,0.0,0.0,0.0,9.05,-12.7,-0.4
412,VasilijeMicic,33,13.0,.523,36.8,13.7,0.0,0.5,0.0,3.9,9.04,-11.2,-0.4
413,BryceMcGowens,43,16.4,.580,14.8,9.2,0.0,0.0,0.0,0.0,8.99,-19.0,-0.6
414,ZiaireWilliams,45,18.9,.504,14.2,12.3,0.0,0.0,0.0,0.0,8.97,0.0,0.0
415,ScootHenderson,42,26.9,.483,22.5,14.1,0.0,0.0,0.0,0.0,8.92,-31.7,-1.1
416,GrantWilliams,50,26.7,.569,16.6,11.0,0.0,4.1,0.0,7.8,8.90,0.0,0.0
,MarJonBeauchamp,40,14.2,.583,13.3,12.4,0.0,0.0,0.0,0.0,8.90,-16.1,-0.5
418,AndreJacksonJr.,44,11.2,.629,28.0,13.7,0.0,0.0,0.0,0.0,8.89,-14.1,-0.5
419,CodyMartin,22,26.3,.466,25.7,12.0,0.0,0.0,0.0,0.0,8.85,0.0,0.0
420,GradeyDick,34,15.3,.547,16.9,9.5,0.0,0.0,0.0,0.0,8.80,-15.5,-0.5
421,TaylorHendricks,16,14.6,.490,8.1,13.2,0.0,0.0,0.0,0.0,8.78,-7.1,-0.2
422,KJMartin,40,11.2,.569,16.5,12.4,0.0,3.7,0.0,7.9,8.76,0.0,0.0
423,OttoPorterJr.,15,11.6,.568,18.1,4.5,0.0,0.0,0.0,0.0,8.75,0.0,0.0
424,BilalCoulibaly,53,26.9,.550,16.1,13.8,0.0,0.0,0.0,0.0,8.74,-37.5,-1.2
425,DavidRoddy,49,22.9,.487,13.8,10.0,0.0,4.8,0.0,9.8,8.68,-35.6,-1.2
426,IbouBadji,16,11.7,.634,26.4,28.6,0.0,0.0,0.0,0.0,8.66,-5.4,-0.2
427,WendellMooreJr.,14,3.1,.500,13.3,20.0,0.0,0.0,0.0,0.0,8.64,-1.4,-0.0
428,AnthonyBlack,50,18.1,.577,23.7,13.2,0.0,0.0,0.0,0.0,8.63,-29.4,-1.0
429,ChrisLivingston,15,4.1,.571,18.3,13.7,0.0,0.0,0.0,0.0,8.60,-2.0,-0.1
430,JustinHoliday,32,14.8,.589,22.4,5.6,0.0,0.0,0.0,0.0,8.59,0.0,0.0
,TaureanPrince,53,30.1,.579,15.6,8.3,0.0,0.0,0.0,0.0,8.59,0.0,0.0
432,NickSmithJr.,37,15.5,.534,15.0,10.7,0.0,0.0,0.0,0.0,8.52,-19.5,-0.7
433,ReggieBullockJr.,22,9.4,.590,16.0,8.0,0.0,0.0,0.0,0.0,8.51,0.0,0.0
434,LukaSamanic,26,5.7,.491,4.7,12.9,0.0,0.0,0.0,0.0,8.49,0.0,0.0
435,DalenTerry,35,10.0,.502,29.5,11.7,0.0,0.0,0.0,0.0,8.44,-12.3,-0.4
,DanuelHouseJr.,34,15.0,.575,16.3,11.0,0.0,0.0,0.0,0.0,8.44,0.0,0.0
437,GarrettTemple,16,4.3,.486,17.3,14.4,0.0,0.0,0.0,0.0,8.43,0.0,0.0
438,CamReddish,35,23.3,.519,15.6,9.9,0.0,0.0,0.0,0.0,8.42,0.0,0.0
439,RayanRupert,16,7.4,.451,17.3,9.4,0.0,0.0,0.0,0.0,8.36,-4.3,-0.1
440,CalebHoustan,40,14.9,.580,11.9,6.9,0.0,0.0,0.0,0.0,8.25,-22.7,-0.8
,MalakiBranham,50,20.2,.507,19.7,9.9,0.0,0.0,0.0,0.0,8.25,-38.5,-1.3
442,TrevelinQueen,13,12.5,.462,26.4,10.3,0.0,0.0,0.0,0.0,8.24,0.0,0.0
443,ArmoniBrooks,10,10.4,.448,9.1,5.5,0.0,0.0,0.0,0.0,8.15,0.0,0.0
444,JavonFreeman-Liberty,2,2.0,.333,0.0,0.0,0.0,0.0,0.0,0.0,8.13,-0.2,-0.0
445,MonteMorris,8,12.3,.382,21.5,3.6,0.0,2.3,0.0,8.6,8.09,0.0,0.0
446,MikeMuscala,37,13.8,.484,16.9,9.2,0.0,6.7,0.0,11.1,8.04,-19.4,-0.6
,TosanEvbuomwan,5,16.4,.441,25.0,4.2,0.0,10.4,0.0,10.7,8.04,-3.4,-0.1
448,ChumaOkeke,33,11.5,.499,13.1,9.2,0.0,0.0,0.0,0.0,8.01,0.0,0.0
449,MattHurt,3,18.7,.440,13.4,0.0,0.0,0.0,0.0,0.0,8.00,-2.3,-0.1
,JevonCarter,52,13.7,.482,16.6,7.9,0.0,0.0,0.0,0.0,8.00,0.0,0.0
451,BenSheppard,33,10.8,.502,17.5,5.1,0.0,0.0,0.0,0.0,7.78,-16.1,-0.5
452,JettHoward,13,3.8,.484,10.4,7.0,0.0,0.0,0.0,0.0,7.77,-2.2,-0.1
453,CollinGillespie,18,7.6,.563,19.6,16.4,0.0,0.0,0.0,0.0,7.75,-6.2,-0.2
454,OchaiAgbaji,54,19.4,.518,13.5,10.2,0.0,3.9,0.0,6.8,7.71,-48.3,-1.6
455,TyJerome,2,7.5,.500,37.5,12.5,0.0,0.0,0.0,0.0,7.61,0.0,0.0
456,MaxChristie,43,17.2,.539,15.6,11.3,0.0,0.0,0.0,0.0,7.60,-35.3,-1.2
457,BonesHyland,19,13.2,.471,18.2,12.7,0.0,0.0,0.0,0.0,7.27,0.0,0.0
458,ColeSwider,10,5.0,.523,11.8,17.7,0.0,0.0,0.0,0.0,7.09,-2.8,-0.1
459,GarrisonMathews,39,12.6,.663,13.0,10.8,0.0,0.0,0.0,0.0,7.06,0.0,0.0
460,DavionMitchell,44,13.2,.503,27.8,9.3,0.0,0.0,0.0,0.0,7.03,0.0,0.0
461,XavierMoon,2,6.0,.500,50.0,16.7,0.0,0.0,0.0,0.0,6.94,0.0,0.0
,JTThor,43,13.4,.442,9.8,6.4,0.0,0.0,0.0,0.0,6.94,0.0,0.0
463,TrentForrest,20,10.5,.389,40.2,10.5,0.0,0.0,0.0,0.0,6.88,0.0,0.0
464,SviMykhailiuk,23,7.9,.466,11.8,8.3,0.0,0.0,0.0,0.0,6.77,0.0,0.0
465,IshSmith,43,17.2,.435,41.2,13.4,0.0,0.0,0.0,0.0,6.71,0.0,0.0
466,JaylenNowell,9,17.3,.453,20.7,6.5,0.0,0.0,0.0,0.0,6.62,0.0,0.0
467,ChrisDuarte,37,12.8,.488,16.6,10.4,0.0,0.0,0.0,0.0,6.52,0.0,0.0
468,PattyMills,19,10.6,.500,19.2,11.0,0.0,0.0,0.0,0.0,6.51,0.0,0.0
469,RobinLopez,16,4.1,.453,15.5,7.7,0.0,0.0,0.0,0.0,6.49,-4.0,-0.1
470,JohnnyDavis,23,8.0,.435,9.3,8.0,0.0,0.0,0.0,0.0,6.44,-11.9,-0.4
471,ColbyJones,17,7.1,.384,15.8,7.9,0.0,0.0,0.0,0.0,6.38,-8.0,-0.3
472,CoryJoseph,26,11.4,.470,34.7,9.9,0.0,0.0,0.0,0.0,6.21,0.0,0.0
473,BriceSensabaugh,6,2.7,.383,14.9,7.4,0.0,0.0,0.0,0.0,6.15,-1.1,-0.0
474,D'MoiHodge,7,5.9,.441,22.9,4.6,0.0,0.0,0.0,0.0,6.07,-2.9,-0.1
475,KennethLoftonJr.,17,6.4,.413,19.6,11.2,0.0,2.0,0.0,9.2,5.99,-7.8,-0.3
476,GabeVincent,5,25.4,.411,30.1,4.0,0.0,0.0,0.0,0.0,5.98,0.0,0.0
477,KobeBufkin,5,5.0,.414,7.8,7.8,0.0,0.0,0.0,0.0,5.84,-1.9,-0.1
478,KiraLewisJr.,18,8.3,.380,23.3,9.3,0.0,3.1,0.0,5.3,5.80,0.0,0.0
479,MarkieffMorris,17,9.2,.443,15.5,12.7,0.0,0.0,0.0,0.0,5.79,0.0,0.0
480,EvanFournier,5,17.8,.401,9.2,11.0,0.0,2.5,0.0,7.5,5.71,0.0,0.0
481,LindellWigginton,3,2.7,.510,0.0,14.5,0.0,0.0,0.0,0.0,5.61,-0.6,-0.0
482,YutaWatanabe,30,13.6,.497,7.7,11.8,0.0,3.3,0.0,6.6,5.59,0.0,0.0
483,WesleyMatthews,21,11.0,.451,17.7,8.2,0.0,0.0,0.0,0.0,5.47,0.0,0.0
484,JalenSlawson,5,3.8,.667,28.6,28.6,0.0,0.0,0.0,0.0,5.46,-1.5,-0.1
485,KobeBrown,32,8.7,.469,19.6,8.1,0.0,0.0,0.0,0.0,5.45,-22.3,-0.7
486,P.J.Tucker,15,15.9,.492,24.8,12.4,0.0,7.7,0.0,10.1,5.44,0.0,0.0
,SidyCissoko,5,6.4,.387,0.0,11.4,0.0,0.0,0.0,0.0,5.44,-2.6,-0.1
488,IsaiahLivers,23,20.4,.460,15.2,9.7,0.0,0.0,0.0,0.0,5.08,0.0,0.0
489,DaQuanJeffries,10,3.0,.427,12.6,6.3,0.0,0.0,0.0,0.0,5.05,0.0,0.0
490,FilipPetrusev,3,3.0,.521,0.0,0.0,0.0,0.0,0.0,5.6,5.03,0.0,0.0
491,NathanMensah,25,12.3,.496,16.0,24.9,0.0,0.0,0.0,0.0,5.02,-25.6,-0.9
492,JakeLaRavia,11,11.1,.447,11.0,7.3,0.0,0.0,0.0,0.0,4.86,-10.8,-0.4
493,DariqWhitehead,2,12.0,.255,33.8,0.0,0.0,0.0,0.0,0.0,4.82,-2.1,-0.1
494,ThanasisAntetokounmpo,23,4.6,.524,27.9,23.3,0.0,0.0,0.0,0.0,4.70,0.0,0.0
495,JustinMinaya,16,8.8,.365,16.8,14.0,0.0,0.0,0.0,0.0,4.69,-12.8,-0.4
496,JoeHarris,16,10.6,.489,18.6,7.4,0.0,0.0,0.0,0.0,4.58,0.0,0.0
497,UsmanGaruba,2,3.0,.000,50.0,0.0,0.0,0.0,0.0,0.0,4.41,0.0,0.0
498,JalenMcDaniels,33,8.9,.417,11.4,12.1,0.0,0.0,0.0,0.0,4.39,0.0,0.0
499,E.J.Liddell,8,2.9,.291,10.1,20.2,0.0,0.0,0.0,0.0,4.24,-2.3,-0.1
500,JordanWalsh,4,8.3,.200,22.2,22.2,0.0,0.0,0.0,0.0,3.90,-3.4,-0.1
501,JulianPhillips,30,6.6,.472,12.3,10.8,0.0,0.0,0.0,0.0,3.85,-20.5,-0.7
502,EmoniBates,10,7.6,.348,18.2,3.0,0.0,0.0,0.0,0.0,3.67,-8.1,-0.3
503,JulesBernard,6,4.7,.292,26.3,10.5,0.0,0.0,0.0,0.0,3.61,-3.0,-0.1
504,TheoMaledon,15,14.1,.390,23.0,14.8,0.0,2.0,0.0,6.4,3.38,0.0,0.0
505,TajGibson,16,10.3,.335,23.8,13.2,0.0,0.0,0.0,0.0,3.15,-18.8,-0.6
506,MarquesBolden,2,1.5,.000,0.0,0.0,0.0,0.0,0.0,0.0,3.08,-0.3,-0.0
507,AshtonHagans,3,18.0,.379,32.0,13.7,0.0,0.0,0.0,0.0,2.57,-6.6,-0.2
508,JuanToscano-Anderson,11,4.8,.292,22.2,11.1,0.0,0.0,0.0,0.0,2.48,0.0,0.0
509,AleksejPokusevski,10,6.0,.338,19.4,11.6,0.0,0.0,0.0,0.0,2.46,0.0,0.0
510,AdmiralSchofield,13,3.8,.444,19.3,15.5,0.0,0.0,0.0,0.0,2.42,0.0,0.0
511,AmariBailey,3,5.0,.317,10.1,10.1,0.0,0.0,0.0,0.0,2.13,-1.9,-0.1
512,AJGriffin,18,7.3,.403,7.2,10.7,0.0,0.0,0.0,0.0,1.84,-17.6,-0.6
513,MicahPotter,2,3.5,.000,0.0,0.0,0.0,0.0,0.0,0.0,1.53,-1.0,-0.0
514,R.J.Hampton,8,9.5,.336,30.9,11.6,0.0,0.0,0.0,0.0,0.85,0.0,0.0
515,DannyGreen,2,9.0,.000,33.3,0.0,0.0,0.0,0.0,0.0,0.74,0.0,0.0
516,KeyontaeJohnson,7,8.1,.375,20.0,20.0,0.0,0.0,0.0,0.0,0.70,-8.6,-0.3
517,SethLundy,9,5.8,.373,0.0,5.1,0.0,0.0,0.0,0.0,0.09,-8.3,-0.3
518,FrankNtilikina,5,8.6,.253,26.9,6.7,0.0,0.0,0.0,0.0,0.03,0.0,0.0
519,JavonteSmart,1,1.0,.000,0.0,0.0,0.0,0.0,0.0,0.0,0.00,-0.2,-0.0
,OnuralpBitim,1,3.0,.000,0.0,0.0,0.0,0.0,0.0,0.0,0.00,-0.5,-0.0
,VitKrejci,1,2.0,.000,0.0,0.0,0.0,0.0,0.0,0.0,0.00,0.0,0.0
,MalcolmCazalon,1,3.0,.000,0.0,0.0,0.0,0.0,0.0,0.0,0.00,-0.5,-0.0
523,RonHarperJr.,1,4.0,.000,100.0,0.0,0.0,0.0,0.0,0.0,-0.03,-0.6,-0.0
524,JalenHood-Schifino,17,5.6,.322,13.1,13.1,0.0,0.0,0.0,0.0,-0.47,-16.1,-0.5
525,MouhamedGueye,2,2.0,.000,0.0,0.0,0.0,0.0,0.0,0.0,-0.63,-0.7,-0.0
526,MaxwellLewis,19,3.6,.292,15.0,25.0,0.0,0.0,0.0,0.0,-1.76,-12.9,-0.4
527,RyanArcidiacono,20,2.3,.000,33.3,16.7,0.0,0.0,0.0,0.0,-1.91,0.0,0.0
528,AlexFudge,4,3.5,.291,0.0,12.7,0.0,0.0,0.0,0.0,-1.95,-2.7,-0.1
529,CharlieBrownJr.,6,5.5,.333,0.0,18.2,0.0,0.0,0.0,0.0,-2.36,0.0,0.0
530,JeromeRobinson,9,3.3,.172,14.7,0.0,0.0,0.0,0.0,0.0,-2.52,0.0,0.0
531,TyTyWashingtonJr.,5,4.2,.214,10.0,20.0,0.0,0.0,0.0,0.0,-3.13,-4.4,-0.1
532,JamareeBouyea,6,9.5,.238,21.6,21.6,0.0,0.0,0.0,0.0,-4.75,-13.2,-0.4
533,HunterTyson,9,3.0,.143,10.0,20.0,0.0,0.0,0.0,0.0,-9.02,-8.0,-0.3
534,JasonPreston,1,1.0,.000,0.0,100.0,0.0,0.0,0.0,0.0,-11.85,0.0,0.0
535,AlondesWilliams,1,6.0,.000,0.0,50.0,0.0,0.0,0.0,0.0,-12.68,-2.1,-0.1
536,JohnnyJuzang,2,3.0,.000,25.0,0.0,0.0,0.0,0.0,0.0,-13.59,-2.2,-0.1
537,JoshuaPrimo,1,5.0,.500,0.0,60.0,0.0,0.0,0.0,0.0,-15.51,0.0,0.0
538,PeteNance,2,2.0,.000,0.0,0.0,0.0,0.0,0.0,0.0,-18.79,-1.8,-0.1
539,DmytroSkapintsev,2,1.0,.000,0.0,0.0,0.0,0.0,0.0,0.0,-19.04,-0.9,-0.0
540,KaiserGates,1,7.0,.000,0.0,0.0,0.0,0.0,0.0,0.0,-19.64,-3.2,-0.1
