,PLAYER,GP,MPG,TS%,AST,TO,USG,ORR,DRR,REBR,PER,VA,EWA
0,MarkquisNowell,1,4.0,0.532,51.5,0.0,0.0,0.0,0.0,0.0,55.49,2.7,0.1
1,DrewPeterson,1,3.0,1.5,50.0,0.0,0.0,0.0,0.0,0.0,43.55,1.5,0.0
2,JoelEmbiid,34,34.0,0.645,15.4,10.1,0.0,0.0,0.0,0.0,34.35,410.1,13.7
3,HamidouDiallo,2,2.5,0.5,25.0,25.0,0.0,0.0,0.0,0.0,32.95,0.0,0.0
4,AdamaSanogo,3,3.7,0.926,0.0,18.8,0.0,0.0,0.0,0.0,32.68,3.6,0.1
5,NikolaJokic,53,33.8,0.646,27.9,9.2,0.0,0.0,0.0,0.0,31.22,551.8,18.4
6,ShaiGilgeous-Alexander,53,34.5,0.647,20.0,6.6,0.0,0.0,0.0,0.0,30.57,0.0,0.0
7,MamadiDiakite,3,5.3,0.785,20.7,0.0,0.0,0.0,0.0,0.0,30.36,0.0,0.0
8,GiannisAntetokounmpo,53,34.9,0.648,18.8,10.5,0.0,0.0,0.0,0.0,29.59,0.0,0.0
9,LeonardMiller,6,3.5,0.75,8.3,8.3,0.0,0.0,0.0,0.0,28.72,0.0,0.0
10,LukaDoncic,47,37.4,0.62,23.2,9.6,0.0,0.0,0.0,0.0,28.18,0.0,0.0
11,AnthonyDavis,52,35.7,0.617,14.7,7.9,0.0,0.0,0.0,0.0,25.61,0.0,0.0
12,TyreseHaliburton,43,32.0,0.626,37.1,7.5,0.0,0.0,0.0,0.0,25.39,0.0,0.0
13,OscarTshiebwe,7,5.3,0.586,9.2,0.0,0.0,0.0,0.0,0.0,24.99,7.8,0.3
14,KawhiLeonard,48,34.3,0.636,15.3,6.7,0.0,0.0,0.0,0.0,24.02,0.0,0.0
15,DonovanMitchell,44,35.5,0.602,19.2,8.5,0.0,0.0,0.0,0.0,23.99,0.0,0.0
16,MoussaDiabate,10,5.8,0.58,13.7,6.8,0.0,0.0,0.0,0.0,23.82,11.3,0.4
17,MouhamadouGueye,1,6.0,0.333,0.0,0.0,0.0,0.0,0.0,0.0,23.62,1.1,0.0
18,DomantasSabonis,54,35.7,0.662,31.0,12.4,0.0,0.0,0.0,0.0,23.53,0.0,0.0
19,KevinDurant,48,37.0,0.647,18.5,10.5,0.0,0.0,0.0,0.0,23.36,0.0,0.0
20,AndreDrummond,55,16.7,0.569,5.9,12.5,0.0,0.0,0.0,0.0,23.23,173.3,5.8
21,ZionWilliamson,44,30.5,0.62,19.1,9.8,0.0,0.0,0.0,0.0,22.93,0.0,0.0
22,KristapsPorzingis,40,29.5,0.662,10.2,8.9,0.0,0.0,0.0,0.0,22.82,211.8,7.1
23,DevinBooker,45,35.5,0.617,22.0,8.0,0.0,0.0,0.0,0.0,22.78,0.0,0.0
24,KyrieIrving,33,33.9,0.598,19.3,5.8,0.0,0.0,0.0,0.0,22.7,0.0,0.0
25,RyanRollins,10,6.6,0.631,21.8,13.9,0.0,0.0,0.0,0.0,22.54,11.6,0.4
26,JimmyButler,37,33.9,0.631,19.8,7.3,0.0,0.0,0.0,0.0,22.47,0.0,0.0
27,LeBronJames,49,34.9,0.611,24.8,10.4,0.0,0.0,0.0,0.0,22.45,0.0,0.0
28,JaysonTatum,52,35.8,0.605,16.1,8.4,0.0,0.0,0.0,0.0,22.41,0.0,0.0
29,MarkWilliams,19,26.7,0.675,10.1,7.8,0.0,0.0,0.0,0.0,22.3,88.7,3.0
30,JalenBrunson,52,35.9,0.596,20.2,7.4,0.0,0.0,0.0,0.0,22.24,0.0,0.0
31,LauriMarkkanen,45,32.7,0.647,8.8,6.2,0.0,0.0,0.0,0.0,22.24,0.0,0.0
32,VictorWembanyama,49,28.4,0.564,12.9,14.0,0.0,0.0,0.0,0.0,22.07,0.0,0.0
33,StephenCurry,49,33.4,0.639,16.4,10.0,0.0,0.0,0.0,0.0,22.05,0.0,0.0
34,JarrettAllen,48,30.7,0.674,17.2,11.0,0.0,0.0,0.0,0.0,22.05,251.7,8.4
35,AlperenSengun,53,32.5,0.591,19.7,10.1,0.0,0.0,0.0,0.0,21.99,292.8,9.8
36,Day'RonSharpe,39,15.7,0.608,16.8,11.7,0.0,0.0,0.0,0.0,21.59,100.7,3.4
37,TrayceJackson-Davis,39,13.0,0.685,14.2,10.6,0.0,0.0,0.0,0.0,21.3,79.3,2.6
38,EugeneOmoruyi,24,7.1,0.587,15.1,10.3,0.0,0.0,0.0,0.0,21.25,0.0,0.0
39,JonasValanciunas,55,25.5,0.638,16.2,9.5,0.0,0.0,0.0,0.0,21.07,219.1,7.3
40,JalenSmith,38,18.1,0.727,11.1,8.8,0.0,0.0,0.0,0.0,21.03,0.0,0.0
41,ClintCapela,47,25.7,0.595,8.5,7.4,0.0,0.0,0.0,0.0,20.84,184.7,6.2
42,RickyCouncilIV,14,9.9,0.613,4.8,2.4,0.0,0.0,0.0,0.0,20.84,20.7,0.7
43,IsaiahJackson,43,13.7,0.676,13.5,10.8,0.0,0.0,0.0,0.0,20.8,0.0,0.0
44,JaredButler,18,7.2,0.689,31.8,10.2,0.0,0.0,0.0,0.0,20.73,0.0,0.0
45,LaMeloBall,22,32.3,0.561,24.2,11.4,0.0,0.0,0.0,0.0,20.63,0.0,0.0
46,ChetHolmgren,54,30.1,0.635,15.3,9.3,0.0,0.0,0.0,0.0,20.63,0.0,0.0
47,DanielGafford,48,26.2,0.702,14.5,9.9,0.0,12.0,0.0,16.9,20.43,180.6,6.0
48,TraeYoung,50,36.5,0.583,28.7,11.3,0.0,0.0,0.0,0.0,20.42,0.0,0.0
49,JaMorant,9,35.3,0.57,24.5,9.1,0.0,0.0,0.0,0.0,20.41,0.0,0.0
50,DamianLillard,50,34.9,0.596,22.5,8.4,0.0,0.0,0.0,0.0,20.01,0.0,0.0
51,CollinSexton,55,24.4,0.609,21.5,9.2,0.0,0.0,0.0,0.0,19.99,0.0,0.0
52,BamAdebayo,45,34.6,0.569,17.2,9.9,0.0,0.0,0.0,0.0,19.82,209.4,7.0
53,TyreseMaxey,49,37.2,0.575,21.1,5.5,0.0,0.0,0.0,0.0,19.8,0.0,0.0
54,MoritzWagner,53,18.4,0.663,11.2,11.2,0.0,0.0,0.0,0.0,19.75,0.0,0.0
55,JamesHarden,48,34.6,0.641,34.2,10.4,0.0,0.0,0.0,0.0,19.73,0.0,0.0
56,De'AaronFox,48,35.6,0.568,17.4,8.1,0.0,0.0,0.0,0.0,19.7,0.0,0.0
57,JamalMurray,40,31.5,0.575,24.5,7.7,0.0,0.0,0.0,0.0,19.67,0.0,0.0
58,IvicaZubac,43,26.5,0.669,11.3,10.1,0.0,0.0,0.0,0.0,19.6,153.0,5.1
59,AnthonyEdwards,51,35.0,0.589,17.0,10.7,0.0,0.0,0.0,0.0,19.58,0.0,0.0
60,EvanMobley,30,31.2,0.627,16.1,11.3,0.0,0.0,0.0,0.0,19.56,0.0,0.0
61,NicClaxton,44,29.4,0.629,14.8,9.1,0.0,0.0,0.0,0.0,19.54,0.0,0.0
62,Karl-AnthonyTowns,53,32.8,0.638,12.5,12.1,0.0,0.0,0.0,0.0,19.42,228.8,7.6
63,ScottieBarnes,55,35.2,0.567,22.6,10.3,0.0,0.0,0.0,0.0,19.35,0.0,0.0
64,BolBol,18,8.8,0.73,13.5,13.5,0.0,0.0,0.0,0.0,19.32,20.6,0.7
65,NeemiasQueta,23,12.3,0.636,10.1,8.3,0.0,0.0,0.0,0.0,19.3,36.7,1.2
66,JoshMinott,18,3.1,0.608,9.3,6.2,0.0,0.0,0.0,0.0,19.27,7.1,0.2
67,PascalSiakam,54,34.3,0.606,19.4,8.0,0.0,5.0,0.0,10.4,19.25,0.0,0.0
68,NateHinton,11,5.3,0.698,19.9,6.6,0.0,0.0,0.0,0.0,19.18,0.0,0.0
69,RudyGobert,53,33.5,0.667,9.2,11.6,0.0,0.0,0.0,0.0,18.92,220.5,7.3
70,MylesTurner,52,27.4,0.623,8.1,8.7,0.0,0.0,0.0,0.0,18.91,172.4,5.7
71,DesmondBane,37,34.5,0.597,18.6,9.4,0.0,0.0,0.0,0.0,18.89,0.0,0.0
72,PaulGeorge,50,33.7,0.595,14.8,8.2,0.0,0.0,0.0,0.0,18.86,0.0,0.0
73,DeMarDeRozan,53,37.7,0.574,19.8,5.7,0.0,0.0,0.0,0.0,18.78,0.0,0.0
74,LukeKornet,39,14.9,0.723,18.4,9.2,0.0,0.0,0.0,0.0,18.77,69.1,2.3
75,JuliusRandle,46,35.4,0.569,16.9,11.7,0.0,0.0,0.0,0.0,18.76,0.0,0.0
76,JaValeMcGee,39,7.9,0.634,7.8,17.2,0.0,0.0,0.0,0.0,18.65,37.3,1.2
77,WalkerKessler,47,23.4,0.657,10.1,12.2,0.0,0.0,0.0,0.0,18.64,131.8,4.4
78,JalenDuren,39,30.1,0.652,16.6,12.7,0.0,0.0,0.0,0.0,18.64,140.6,4.7
79,T.J.McConnell,45,17.3,0.561,38.4,10.8,0.0,0.0,0.0,0.0,18.61,0.0,0.0
80,ColinCastleton,7,5.1,0.765,19.0,6.3,0.0,0.0,0.0,0.0,18.54,4.3,0.1
81,JalenWilliams,48,32.1,0.629,21.3,8.2,0.0,0.0,0.0,0.0,18.51,177.1,5.9
82,MarvinBagleyIII,37,20.1,0.62,9.9,11.1,0.0,13.0,0.0,15.5,18.48,0.0,0.0
83,KevinLove,44,17.6,0.604,21.8,7.6,0.0,0.0,0.0,0.0,18.46,0.0,0.0
84,CamWhitmore,28,17.0,0.592,4.1,6.6,0.0,0.0,0.0,0.0,18.46,54.4,1.8
85,LukaGarza,13,3.0,0.545,5.8,5.8,0.0,0.0,0.0,0.0,18.36,4.5,0.2
86,JakobPoeltl,44,26.8,0.67,19.3,13.4,0.0,0.0,0.0,0.0,18.32,132.1,4.4
87,TerquavionSmith,11,6.2,0.557,18.1,7.2,0.0,0.0,0.0,0.0,18.32,7.6,0.3
88,BrandonIngram,51,33.4,0.577,21.7,9.3,0.0,0.0,0.0,0.0,18.3,0.0,0.0
89,HarryGilesIII,16,5.1,0.543,9.7,9.7,0.0,0.0,0.0,0.0,18.26,0.0,0.0
90,FranzWagner,47,33.3,0.575,16.7,8.0,0.0,0.0,0.0,0.0,18.21,0.0,0.0
91,GogaBitadze,46,18.2,0.643,21.7,10.5,0.0,0.0,0.0,0.0,18.2,94.9,3.2
92,DexterDennis,4,7.5,0.541,14.6,11.0,0.0,0.0,0.0,0.0,18.18,3.3,0.1
93,CJMcCollum,41,32.1,0.598,20.9,7.3,0.0,0.0,0.0,0.0,18.01,0.0,0.0
94,DylanWindler,8,3.5,0.682,31.3,0.0,0.0,0.0,0.0,6.2,17.81,0.0,0.0
95,JusufNurkic,52,27.2,0.576,23.1,12.9,0.0,0.0,0.0,0.0,17.78,151.8,5.1
96,PaoloBanchero,55,35.0,0.549,18.0,10.3,0.0,0.0,0.0,0.0,17.73,0.0,0.0
97,CharlesBassey,19,10.8,0.739,26.7,19.1,0.0,0.0,0.0,0.0,17.65,21.6,0.7
98,TerryRozier,40,34.1,0.552,23.6,7.1,0.0,2.1,0.0,6.7,17.58,0.0,0.0
99,JonathanIsaac,37,14.8,0.566,7.2,8.4,0.0,0.0,0.0,0.0,17.48,0.0,0.0
100,JaylenBrown,50,33.4,0.574,14.7,9.8,0.0,0.0,0.0,0.0,17.46,0.0,0.0
101,KellyOlynyk,53,20.2,0.671,35.5,13.3,0.0,6.9,0.0,13.7,17.38,0.0,0.0
102,IsaiahHartenstein,50,25.6,0.65,23.2,13.6,0.0,0.0,0.0,0.0,17.35,125.1,4.2
103,DereckLivelyII,37,25.7,0.724,14.8,13.0,0.0,0.0,0.0,0.0,17.32,95.5,3.2
104,NikolaVucevic,50,34.4,0.528,16.0,6.8,0.0,0.0,0.0,0.0,17.32,172.6,5.8
105,TrendonWatford,38,12.1,0.62,20.8,9.8,0.0,0.0,0.0,0.0,17.31,0.0,0.0
106,GuiSantos,12,9.1,0.622,14.4,6.2,0.0,0.0,0.0,0.0,17.25,0.0,0.0
107,JordanMiller,5,4.2,0.799,0.0,12.7,0.0,0.0,0.0,0.0,17.19,2.0,0.1
108,TariEason,22,21.8,0.528,10.8,8.0,0.0,0.0,0.0,0.0,17.16,45.6,1.5
109,RobertWilliamsIII,6,19.8,0.684,11.9,16.7,0.0,0.0,0.0,0.0,17.15,11.6,0.4
110,AnferneeSimons,30,33.5,0.577,18.8,9.0,0.0,0.0,0.0,0.0,17.15,0.0,0.0
111,MasonPlumlee,23,17.6,0.679,18.7,10.3,0.0,0.0,0.0,0.0,17.0,38.7,1.3
112,JarenJacksonJr.,51,31.8,0.562,8.8,9.8,0.0,0.0,0.0,0.0,16.99,0.0,0.0
113,DonteDiVincenzo,54,25.0,0.613,16.7,7.9,0.0,0.0,0.0,0.0,16.98,0.0,0.0
114,PaulReed,54,17.7,0.582,16.1,9.1,0.0,0.0,0.0,0.0,16.97,0.0,0.0
115,SabenLee,13,7.7,0.537,21.6,10.8,0.0,0.0,0.0,0.0,16.97,0.0,0.0
116,MoBamba,32,10.6,0.571,12.1,14.7,0.0,0.0,0.0,0.0,16.96,32.1,1.1
117,MalcolmBrogdon,39,28.7,0.56,26.1,7.3,0.0,0.0,0.0,0.0,16.96,0.0,0.0
118,TobiasHarris,48,34.0,0.598,17.1,7.4,0.0,0.0,0.0,0.0,16.95,0.0,0.0
119,TyusJones,54,29.0,0.585,36.8,5.1,0.0,0.0,0.0,0.0,16.9,0.0,0.0
120,DeandreAyton,36,32.0,0.581,10.5,11.2,0.0,0.0,0.0,0.0,16.89,108.2,3.6
121,LonnieWalkerIV,34,18.1,0.608,12.9,8.5,0.0,0.0,0.0,0.0,16.89,0.0,0.0
122,RussellWestbrook,53,23.2,0.522,26.2,12.0,0.0,0.0,0.0,0.0,16.8,0.0,0.0
123,KhrisMiddleton,43,26.3,0.59,25.6,10.5,0.0,0.0,0.0,0.0,16.78,0.0,0.0
124,NickRichards,45,25.9,0.718,9.7,12.5,0.0,0.0,0.0,0.0,16.77,103.7,3.5
125,DejounteMurray,52,35.0,0.56,19.9,8.6,0.0,0.0,0.0,0.0,16.74,0.0,0.0
126,JonathanKuminga,51,25.6,0.601,11.4,9.9,0.0,0.0,0.0,0.0,16.64,0.0,0.0
127,DarioSaric,50,19.3,0.616,21.6,10.6,0.0,0.0,0.0,0.0,16.64,0.0,0.0
128,DanteExum,32,19.7,0.663,26.7,7.9,0.0,0.0,0.0,0.0,16.63,0.0,0.0
129,OnyekaOkongwu,53,25.8,0.675,13.7,8.7,0.0,0.0,0.0,0.0,16.6,0.0,0.0
130,DuopReath,39,17.4,0.605,12.4,8.0,0.0,0.0,0.0,0.0,16.56,60.4,2.0
131,JordanFord,6,3.7,0.761,18.4,9.2,0.0,0.0,0.0,0.0,16.54,1.9,0.1
132,DerrickWhite,51,32.3,0.611,24.8,8.5,0.0,0.0,0.0,0.0,16.47,0.0,0.0
133,BenSimmons,12,25.7,0.584,45.0,14.4,0.0,0.0,0.0,0.0,16.42,0.0,0.0
134,D'AngeloRussell,51,31.2,0.588,27.4,8.4,0.0,0.0,0.0,0.0,16.34,0.0,0.0
135,BobanMarjanovic,9,5.3,0.486,13.5,6.7,0.0,0.0,0.0,0.0,16.32,4.1,0.1
136,AaronGordon,49,31.7,0.596,19.1,8.7,0.0,0.0,0.0,0.0,16.31,0.0,0.0
137,MilesBridges,43,37.0,0.565,13.9,8.0,0.0,0.0,0.0,0.0,16.18,0.0,0.0
138,ScottyPippenJr.,8,22.6,0.615,30.2,12.6,0.0,0.0,0.0,0.0,16.17,14.5,0.5
139,DeAndreJordan,29,11.3,0.605,14.6,13.9,0.0,0.0,0.0,0.0,16.12,26.9,0.9
140,ThaddeusYoung,23,15.2,0.618,32.6,7.2,0.0,0.0,0.0,0.0,16.09,0.0,0.0
141,MitchellRobinson,21,29.2,0.567,10.0,13.9,0.0,0.0,0.0,0.0,16.09,50.2,1.7
142,FredVanVleet,47,36.7,0.557,33.3,6.5,0.0,0.0,0.0,0.0,16.07,0.0,0.0
143,JohnCollins,51,27.8,0.603,7.9,9.7,0.0,0.0,0.0,0.0,16.07,0.0,0.0
144,MikalBridges,54,35.2,0.573,14.8,9.0,0.0,0.0,0.0,0.0,16.03,0.0,0.0
145,NoahClowney,7,9.9,0.703,20.2,10.1,0.0,0.0,0.0,0.0,16.0,5.4,0.2
146,MalikMonk,53,25.8,0.581,25.8,10.7,0.0,0.0,0.0,0.0,15.99,0.0,0.0
147,IsaiahMobley,3,4.7,0.625,44.4,11.1,0.0,0.0,0.0,0.0,15.98,1.1,0.0
148,CraigPorter,32,14.7,0.559,29.4,10.7,0.0,0.0,0.0,0.0,15.95,36.1,1.2
149,AustinReaves,56,31.1,0.619,26.8,10.3,0.0,0.0,0.0,0.0,15.92,0.0,0.0
150,JeramiGrant,46,34.0,0.578,11.5,8.8,0.0,0.0,0.0,0.0,15.91,0.0,0.0
151,DevinVassell,50,31.7,0.579,17.2,6.4,0.0,0.0,0.0,0.0,15.91,0.0,0.0
152,JalenJohnson,41,34.0,0.598,18.2,9.7,0.0,0.0,0.0,0.0,15.88,0.0,0.0
153,JamesBouknight,14,5.8,0.597,12.0,4.0,0.0,0.0,0.0,0.0,15.81,0.0,0.0
154,BobbyPortis,55,24.0,0.572,8.3,7.2,0.0,0.0,0.0,0.0,15.81,98.5,3.3
155,AlexLen,22,8.3,0.622,28.0,17.8,0.0,0.0,0.0,0.0,15.8,14.2,0.5
156,ShaquilleHarrison,3,2.0,0.5,0.0,0.0,0.0,0.0,0.0,0.0,15.77,0.0,0.0
157,ChrisBoucher,46,13.9,0.607,6.8,7.8,0.0,0.0,0.0,0.0,15.74,0.0,0.0
158,RJBarrett,45,31.2,0.568,13.3,8.8,0.0,3.3,0.0,9.5,15.71,0.0,0.0
159,ImmanuelQuickley,50,27.2,0.571,20.6,6.1,0.0,1.0,0.0,6.4,15.7,0.0,0.0
160,TreMann,16,13.1,0.586,31.2,11.9,0.0,3.8,0.0,12.0,15.68,0.0,0.0
161,NazReid,54,22.5,0.606,8.5,9.9,0.0,0.0,0.0,0.0,15.68,92.1,3.1
162,AmenThompson,35,19.2,0.552,22.7,14.0,0.0,0.0,0.0,0.0,15.66,48.8,1.6
163,GGJackson,22,19.0,0.567,7.5,7.5,0.0,0.0,0.0,0.0,15.64,30.1,1.0
164,KevonLooney,52,18.2,0.636,31.2,11.0,0.0,0.0,0.0,0.0,15.58,67.5,2.2
165,KyleKuzma,52,31.7,0.543,15.4,9.8,0.0,0.0,0.0,0.0,15.52,0.0,0.0
166,CadeCunningham,44,34.0,0.539,23.8,11.4,0.0,0.0,0.0,0.0,15.49,0.0,0.0
167,CobyWhite,55,36.3,0.591,21.9,9.2,0.0,0.0,0.0,0.0,15.48,0.0,0.0
168,BrunoFernando,18,8.9,0.561,8.8,10.1,0.0,0.0,0.0,0.0,15.43,0.0,0.0
169,JamesWiseman,35,14.1,0.673,10.6,14.4,0.0,0.0,0.0,0.0,15.42,35.6,1.2
170,DariusGarland,29,31.8,0.575,23.7,13.0,0.0,0.0,0.0,0.0,15.42,0.0,0.0
171,LarryNanceJr.,37,18.6,0.661,24.3,11.7,0.0,0.0,0.0,0.0,15.42,0.0,0.0
172,KeonJohnson,3,15.7,0.615,11.8,11.8,0.0,0.0,0.0,0.0,15.4,0.0,0.0
173,MikeConley,49,29.1,0.616,40.3,6.7,0.0,0.0,0.0,0.0,15.38,0.0,0.0
174,ObiToppin,56,22.5,0.668,14.9,8.2,0.0,0.0,0.0,0.0,15.37,0.0,0.0
175,TylerHerro,35,33.7,0.549,17.2,8.4,0.0,0.0,0.0,0.0,15.35,0.0,0.0
176,SamMerrill,37,15.6,0.638,18.7,3.7,0.0,0.0,0.0,0.0,15.32,0.0,0.0
177,JermaineSamuelsJr.,11,4.8,0.758,14.4,0.0,0.0,0.0,0.0,0.0,15.3,3.6,0.1
178,DeniAvdija,54,28.2,0.613,22.3,11.8,0.0,0.0,0.0,0.0,15.27,0.0,0.0
179,CamThomas,45,29.7,0.546,10.9,7.6,0.0,0.0,0.0,0.0,15.25,0.0,0.0
180,ZachLaVine,25,34.9,0.578,17.2,9.1,0.0,0.0,0.0,0.0,15.19,0.0,0.0
181,ThomasBryant,25,10.4,0.611,12.9,12.9,0.0,0.0,0.0,0.0,15.18,17.7,0.6
182,DaniloGallinari,32,14.8,0.619,17.6,5.3,0.0,3.1,0.0,10.2,15.18,0.0,0.0
183,JDDavison,2,3.0,0.532,0.0,0.0,0.0,0.0,0.0,0.0,15.17,0.0,0.0
184,JalenWilson,16,14.6,0.644,21.7,4.3,0.0,0.0,0.0,0.0,15.16,15.2,0.5
185,BogdanBogdanovic,53,28.9,0.571,14.8,6.3,0.0,0.0,0.0,0.0,15.14,0.0,0.0
186,DavisBertans,18,7.1,0.62,18.5,1.7,0.0,1.8,0.0,5.7,15.13,0.0,0.0
187,WendellCarterJr.,29,26.2,0.637,13.5,10.0,0.0,0.0,0.0,0.0,15.08,50.8,1.7
188,JacobToppin,5,6.6,0.658,15.5,7.8,0.0,0.0,0.0,0.0,15.08,2.1,0.1
189,JoshGiddey,53,24.9,0.52,25.8,11.2,0.0,0.0,0.0,0.0,15.04,0.0,0.0
190,BrookLopez,52,31.5,0.6,12.2,7.0,0.0,0.0,0.0,0.0,15.03,108.2,3.6
191,AaronWiggins,51,14.4,0.692,15.9,9.2,0.0,0.0,0.0,0.0,14.99,0.0,0.0
192,DwightPowell,47,15.4,0.741,31.4,12.0,0.0,0.0,0.0,0.0,14.96,45.1,1.5
193,OrlandoRobinson,24,10.0,0.613,23.8,12.3,0.0,0.0,0.0,0.0,14.96,15.5,0.5
194,LamarStevens,21,8.0,0.546,9.9,12.2,0.0,9.1,0.0,14.6,14.94,0.0,0.0
195,DrewEubanks,49,16.0,0.663,15.2,15.6,0.0,0.0,0.0,0.0,14.85,0.0,0.0
196,BradleyBeal,30,32.6,0.579,19.9,10.7,0.0,0.0,0.0,0.0,14.84,0.0,0.0
197,OlivierSarr,12,7.4,0.653,7.0,10.4,0.0,0.0,0.0,0.0,14.79,5.6,0.2
198,TreyMurphyIII,30,25.8,0.593,12.7,3.9,0.0,0.0,0.0,0.0,14.77,0.0,0.0
199,DominickBarlow,23,13.3,0.531,20.0,3.8,0.0,0.0,0.0,0.0,14.75,0.0,0.0
200,PreciousAchiuwa,48,21.3,0.537,14.0,10.7,0.0,13.3,0.0,16.5,14.71,0.0,0.0
201,CarisLeVert,43,27.5,0.526,22.5,7.6,0.0,0.0,0.0,0.0,14.7,0.0,0.0
202,CameronJohnson,41,28.2,0.581,17.0,6.3,0.0,0.0,0.0,0.0,14.6,0.0,0.0
203,AlexCaruso,47,27.1,0.628,23.6,11.5,0.0,0.0,0.0,0.0,14.59,0.0,0.0
204,MichaelPorterJr.,54,31.6,0.587,9.0,6.8,0.0,0.0,0.0,0.0,14.55,0.0,0.0
205,DraymondGreen,28,26.9,0.601,37.7,15.3,0.0,0.0,0.0,0.0,14.52,0.0,0.0
206,TreJones,50,26.0,0.576,37.1,9.0,0.0,0.0,0.0,0.0,14.49,0.0,0.0
207,MosesMoody,39,17.3,0.582,9.6,8.1,0.0,0.0,0.0,0.0,14.48,0.0,0.0
208,DanielTheis,40,16.8,0.599,14.6,9.8,0.0,10.2,0.0,12.1,14.42,38.3,1.3
209,TristanThompson,36,12.4,0.605,22.9,13.2,0.0,0.0,0.0,0.0,14.4,25.3,0.8
210,ChrisPaul,32,27.6,0.543,43.3,7.2,0.0,0.0,0.0,0.0,14.39,0.0,0.0
211,TazeMoore,3,3.3,0.6,14.3,14.3,0.0,0.0,0.0,0.0,14.36,0.5,0.0
212,AlecBurks,46,21.1,0.573,11.6,6.0,0.0,2.0,0.0,6.7,14.33,0.0,0.0
213,ColeAnthony,54,23.0,0.549,19.5,11.3,0.0,0.0,0.0,0.0,14.32,0.0,0.0
214,JrueHoliday,50,33.3,0.591,26.9,10.5,0.0,0.0,0.0,0.0,14.28,0.0,0.0
215,JontayPorter,17,13.0,0.498,26.0,8.7,0.0,0.0,0.0,0.0,14.27,0.0,0.0
216,KeldonJohnson,51,29.9,0.551,15.8,8.1,0.0,0.0,0.0,0.0,14.22,0.0,0.0
217,AlHorford,45,27.2,0.628,28.8,7.4,0.0,0.0,0.0,0.0,14.19,65.6,2.2
218,RichaunHolmes,25,10.4,0.583,15.2,11.4,0.0,14.1,0.0,16.9,14.18,13.1,0.4
219,RuiHachimura,42,24.2,0.608,9.4,6.1,0.0,0.0,0.0,0.0,14.18,0.0,0.0
220,GordonHayward,25,31.9,0.544,23.2,10.2,0.0,0.0,0.0,0.0,14.08,0.0,0.0
221,KendallBrown,5,4.0,0.579,18.8,0.0,0.0,0.0,0.0,0.0,14.06,0.0,0.0
222,NormanPowell,53,25.2,0.637,7.8,6.9,0.0,0.0,0.0,0.0,14.06,0.0,0.0
223,JordanMcLaughlin,32,8.9,0.516,37.2,7.7,0.0,0.0,0.0,0.0,14.05,0.0,0.0
224,KrisDunn,47,17.9,0.552,40.9,12.0,0.0,0.0,0.0,0.0,14.04,0.0,0.0
225,DelonWright,33,13.8,0.497,36.0,4.8,0.0,0.0,0.0,0.0,14.02,0.0,0.0
226,SandroMamukelashvili,30,6.5,0.504,24.9,7.4,0.0,0.0,0.0,0.0,14.02,0.0,0.0
227,DennisSmithJr.,38,20.0,0.507,32.4,10.0,0.0,0.0,0.0,0.0,14.01,0.0,0.0
228,OshaeBrissett,36,11.1,0.566,17.8,6.8,0.0,0.0,0.0,0.0,13.94,0.0,0.0
229,MarcusSasser,49,16.4,0.583,28.7,9.4,0.0,0.0,0.0,0.0,13.87,36.7,1.2
230,AaronNesmith,51,27.1,0.651,11.7,8.1,0.0,0.0,0.0,0.0,13.85,0.0,0.0
231,ChimezieMetu,37,12.1,0.621,9.7,13.9,0.0,0.0,0.0,0.0,13.85,0.0,0.0
232,DerrickRose,21,17.3,0.54,27.1,9.5,0.0,0.0,0.0,0.0,13.81,0.0,0.0
233,TalenHorton-Tucker,35,20.6,0.511,25.1,9.7,0.0,0.0,0.0,0.0,13.8,0.0,0.0
234,BojanBogdanovic,30,32.6,0.596,11.4,10.1,0.0,1.5,0.0,5.8,13.74,0.0,0.0
235,PaytonPritchard,55,20.7,0.579,26.9,5.6,0.0,0.0,0.0,0.0,13.73,0.0,0.0
236,IsaiahJoe,50,18.6,0.64,13.4,7.2,0.0,0.0,0.0,0.0,13.69,0.0,0.0
237,JeremiahRobinson-Earl,21,10.0,0.621,12.2,11.0,0.0,0.0,0.0,0.0,13.67,0.0,0.0
238,BrandinPodziemski,46,26.3,0.548,27.1,9.0,0.0,0.0,0.0,0.0,13.66,51.6,1.7
239,MarkelleFultz,21,24.0,0.5,27.8,8.7,0.0,0.0,0.0,0.0,13.64,0.0,0.0
240,UdokaAzubuike,14,7.6,0.652,8.9,11.8,0.0,0.0,0.0,0.0,13.63,4.8,0.2
241,DennisSchroder,54,30.3,0.553,30.6,8.3,0.0,1.5,0.0,5.1,13.58,0.0,0.0
242,HerbertJones,50,28.7,0.628,19.6,10.0,0.0,0.0,0.0,0.0,13.58,0.0,0.0
243,SashaVezenkov,35,12.6,0.574,7.6,5.6,0.0,0.0,0.0,0.0,13.57,18.2,0.6
244,BraxtonKey,15,3.4,0.482,30.0,3.8,0.0,0.0,0.0,0.0,13.57,2.1,0.1
245,GraysonAllen,49,32.9,0.69,23.0,9.8,0.0,0.0,0.0,0.0,13.56,0.0,0.0
246,GaryPaytonII,19,16.1,0.585,15.9,8.7,0.0,0.0,0.0,0.0,13.55,0.0,0.0
247,JadenIvey,50,27.7,0.559,18.4,12.5,0.0,0.0,0.0,0.0,13.53,0.0,0.0
248,OGAnunoby,41,34.2,0.609,13.9,9.3,0.0,3.0,0.0,6.8,13.52,0.0,0.0
249,BuddyHield,56,26.6,0.595,20.1,8.8,0.0,2.7,0.0,7.0,13.51,0.0,0.0
250,KellyOubreJr.,42,29.0,0.556,7.5,5.7,0.0,0.0,0.0,0.0,13.5,0.0,0.0
251,JalenGreen,54,30.6,0.527,14.9,9.7,0.0,0.0,0.0,0.0,13.48,0.0,0.0
252,RobertCovington,29,16.8,0.58,16.6,7.6,0.0,7.0,0.0,11.0,13.43,0.0,0.0
253,JoseAlvarado,37,16.6,0.541,20.4,7.6,0.0,0.0,0.0,0.0,13.41,0.0,0.0
254,JaxsonHayes,45,11.0,0.703,13.2,13.8,0.0,0.0,0.0,0.0,13.39,20.6,0.7
255,JordanNwora,28,11.0,0.56,16.8,10.0,0.0,4.7,0.0,10.1,13.3,0.0,0.0
256,JabariSmithJr.,49,31.6,0.567,10.0,8.8,0.0,0.0,0.0,0.0,13.24,0.0,0.0
257,NajiMarshall,44,18.5,0.577,20.3,11.5,0.0,0.0,0.0,0.0,13.2,0.0,0.0
258,De'AnthonyMelton,33,29.1,0.54,20.8,7.5,0.0,0.0,0.0,0.0,13.18,0.0,0.0
259,LukeKennard,27,24.7,0.638,23.8,8.5,0.0,0.0,0.0,0.0,13.16,0.0,0.0
260,ZachCollins,43,24.2,0.557,20.0,13.3,0.0,0.0,0.0,0.0,13.16,0.0,0.0
261,SpencerDinwiddie,50,30.7,0.533,31.5,7.1,0.0,1.8,0.0,5.7,13.15,0.0,0.0
262,KeeganMurray,50,32.5,0.569,10.9,5.5,0.0,0.0,0.0,0.0,13.11,0.0,0.0
263,De'AndreHunter,31,28.4,0.618,8.9,9.8,0.0,0.0,0.0,0.0,13.11,0.0,0.0
264,JaraceWalker,17,10.2,0.536,20.2,10.1,0.0,0.0,0.0,0.0,13.11,6.0,0.2
265,TimHardawayJr.,52,29.8,0.561,9.6,5.3,0.0,0.0,0.0,0.0,13.1,0.0,0.0
266,AusarThompson,54,24.0,0.52,16.2,11.3,0.0,0.0,0.0,0.0,13.1,44.6,1.5
267,SaddiqBey,54,32.5,0.554,10.1,5.7,0.0,0.0,0.0,0.0,13.09,0.0,0.0
268,JabariWalker,49,22.1,0.557,8.8,10.3,0.0,0.0,0.0,0.0,13.09,36.9,1.2
269,Devonte'Graham,12,8.3,0.522,34.2,5.4,0.0,0.0,0.0,0.0,13.06,0.0,0.0
270,ReggieJackson,55,23.1,0.543,26.0,8.6,0.0,0.0,0.0,0.0,13.02,0.0,0.0
271,MilesMcBride,42,12.5,0.566,15.2,5.8,0.0,0.0,0.0,0.0,13.02,0.0,0.0
272,KevinHuerter,52,25.0,0.578,20.4,6.1,0.0,0.0,0.0,0.0,13.01,0.0,0.0
273,StanleyUmude,17,11.2,0.711,10.9,13.3,0.0,0.0,0.0,0.0,12.95,6.1,0.2
274,DuncanRobinson,50,27.4,0.623,19.0,9.0,0.0,0.0,0.0,0.0,12.91,0.0,0.0
275,DamianJones,25,6.0,0.624,20.7,15.6,0.0,0.0,0.0,0.0,12.91,5.2,0.2
276,VinceWilliamsJr.,43,26.4,0.599,23.3,11.5,0.0,0.0,0.0,0.0,12.89,35.4,1.2
277,SantiAldama,43,24.6,0.528,16.0,8.3,0.0,0.0,0.0,0.0,12.88,0.0,0.0
278,MosesBrown,9,9.1,0.395,7.0,13.9,0.0,0.0,0.0,0.0,12.87,2.8,0.1
279,CoreyKispert,53,22.5,0.616,13.2,8.4,0.0,0.0,0.0,0.0,12.82,0.0,0.0
280,BrandonMiller,48,31.4,0.556,12.1,9.0,0.0,0.0,0.0,0.0,12.8,45.0,1.5
281,DruSmith,9,14.6,0.576,26.5,9.5,0.0,0.0,0.0,0.0,12.7,3.7,0.1
282,AyoDosunmu,53,25.5,0.61,19.7,9.3,0.0,0.0,0.0,0.0,12.7,0.0,0.0
283,JalenSuggs,50,26.9,0.576,16.1,12.5,0.0,0.0,0.0,0.0,12.63,0.0,0.0
284,JaimeJaquezJr.,49,29.5,0.574,16.7,10.9,0.0,0.0,0.0,0.0,12.61,39.0,1.3
285,BennedictMathurin,52,25.5,0.561,11.7,10.3,0.0,0.0,0.0,0.0,12.56,0.0,0.0
286,TreyLyles,39,20.1,0.625,15.3,7.8,0.0,0.0,0.0,0.0,12.56,0.0,0.0
287,JordanGoodwin,41,14.2,0.483,24.9,8.9,0.0,8.5,0.0,11.7,12.54,0.0,0.0
288,KyleAnderson,54,21.9,0.524,36.4,10.9,0.0,0.0,0.0,0.0,12.53,0.0,0.0
289,JordanClarkson,45,30.1,0.524,19.8,11.4,0.0,0.0,0.0,0.0,12.51,0.0,0.0
290,CameronPayne,51,15.8,0.583,28.6,7.6,0.0,1.3,0.0,4.8,12.48,0.0,0.0
291,P.J.Washington,47,29.2,0.54,13.7,9.4,0.0,4.3,0.0,10.1,12.37,0.0,0.0
292,KlayThompson,49,30.6,0.554,11.8,8.0,0.0,0.0,0.0,0.0,12.34,0.0,0.0
293,ChristianWood,50,17.4,0.568,12.1,12.4,0.0,0.0,0.0,0.0,12.28,21.9,0.7
294,A.J.Lawson,27,8.5,0.558,11.3,8.7,0.0,0.0,0.0,0.0,12.25,5.0,0.2
295,NateWilliams,10,7.4,0.499,12.8,2.6,0.0,0.0,0.0,0.0,12.2,1.5,0.1
296,PeytonWatson,53,18.3,0.56,13.2,8.7,0.0,0.0,0.0,0.0,12.19,20.1,0.7
297,LandryShamet,37,15.1,0.569,14.9,7.3,0.0,0.0,0.0,0.0,12.16,0.0,0.0
298,AJGreen,35,9.2,0.622,13.9,2.1,0.0,0.0,0.0,0.0,12.06,6.0,0.2
299,BruceBrown,47,28.6,0.561,19.7,8.5,0.0,3.3,0.0,9.1,11.96,0.0,0.0
300,DerrickJonesJr.,50,25.3,0.598,10.2,9.4,0.0,0.0,0.0,0.0,11.96,0.0,0.0
301,AmirCoffey,41,17.9,0.711,13.5,7.0,0.0,0.0,0.0,0.0,11.93,0.0,0.0
302,JoshOkogie,49,17.6,0.547,17.9,8.8,0.0,0.0,0.0,0.0,11.91,0.0,0.0
303,AndrewNembhard,42,22.9,0.559,31.9,11.8,0.0,0.0,0.0,0.0,11.87,0.0,0.0
304,IsaacOkoro,44,26.2,0.599,18.4,7.6,0.0,0.0,0.0,0.0,11.85,0.0,0.0
305,TroyBrownJr.,40,11.5,0.602,19.3,9.4,0.0,4.0,0.0,10.4,11.77,0.0,0.0
306,XavierTillman,34,20.6,0.44,17.9,9.1,0.0,0.0,0.0,0.0,11.75,9.9,0.3
307,HarrisonBarnes,54,29.9,0.628,10.1,6.1,0.0,0.0,0.0,0.0,11.74,0.0,0.0
308,SkylarMays,29,14.2,0.461,31.5,7.2,0.0,2.6,0.0,5.6,11.74,0.0,0.0
309,MarcusSmart,20,30.3,0.552,21.0,15.1,0.0,0.0,0.0,0.0,11.71,0.0,0.0
310,AaronHoliday,51,17.9,0.601,21.6,9.0,0.0,0.0,0.0,0.0,11.71,0.0,0.0
311,BrandonWilliams,12,4.9,0.447,28.7,7.2,0.0,0.0,0.0,0.0,11.7,0.0,0.0
312,EricGordon,47,29.7,0.599,16.1,9.1,0.0,0.0,0.0,0.0,11.69,0.0,0.0
313,JacobGilyard,36,17.8,0.61,42.6,9.5,0.0,0.0,0.0,0.0,11.68,8.3,0.3
314,JadenHardy,50,15.7,0.52,16.2,7.5,0.0,0.0,0.0,0.0,11.6,0.0,0.0
315,SamHauser,54,21.5,0.628,12.2,6.1,0.0,0.0,0.0,0.0,11.59,0.0,0.0
316,NikolaJovic,22,16.5,0.557,23.3,11.6,0.0,0.0,0.0,0.0,11.58,0.0,0.0
317,JamesJohnson,5,4.8,0.4,41.7,16.7,0.0,0.0,0.0,0.0,11.58,0.0,0.0
318,JayHuff,8,2.8,0.714,11.1,11.1,0.0,0.0,0.0,0.0,11.57,0.3,0.0
319,JarredVanderbilt,29,20.0,0.578,18.6,14.4,0.0,0.0,0.0,0.0,11.56,0.0,0.0
320,JaylinWilliams,46,12.4,0.525,25.5,7.5,0.0,0.0,0.0,0.0,11.54,6.3,0.2
321,CodyZeller,36,8.0,0.468,29.5,11.3,0.0,0.0,0.0,0.0,11.54,4.0,0.1
322,NicolasBatum,34,24.9,0.684,32.5,8.7,0.0,5.5,0.0,8.6,11.52,0.0,0.0
323,ZekeNnaji,40,9.6,0.513,13.1,14.2,0.0,0.0,0.0,0.0,11.49,0.0,0.0
324,AnthonyGill,29,5.6,0.564,13.7,18.7,0.0,0.0,0.0,0.0,11.48,0.0,0.0
325,CediOsman,55,18.0,0.595,20.5,7.9,0.0,0.0,0.0,0.0,11.46,0.0,0.0
326,KeitaBates-Diop,41,15.0,0.536,15.5,6.4,0.0,5.9,0.0,9.5,11.45,0.0,0.0
327,AndrewWiggins,47,27.1,0.524,11.2,8.3,0.0,0.0,0.0,0.0,11.43,0.0,0.0
328,DysonDaniels,52,21.9,0.518,29.2,11.2,0.0,0.0,0.0,0.0,11.43,10.7,0.4
329,PatrickBeverley,50,19.3,0.547,31.5,10.8,0.0,3.4,0.0,8.5,11.4,0.0,0.0
330,SimoneFontecchio,53,23.4,0.588,14.4,9.5,0.0,4.9,0.0,8.4,11.4,11.1,0.4
331,TorreyCraig,33,21.0,0.559,15.4,8.1,0.0,0.0,0.0,0.0,11.4,0.0,0.0
332,JohnKonchar,44,19.4,0.521,28.8,10.7,0.0,0.0,0.0,0.0,11.37,0.0,0.0
333,CasonWallace,54,20.7,0.63,18.5,6.4,0.0,0.0,0.0,0.0,11.36,9.3,0.3
334,ShaedonSharpe,32,33.1,0.524,14.4,11.0,0.0,0.0,0.0,0.0,11.34,0.0,0.0
335,JoshRichardson,43,25.7,0.573,20.5,7.0,0.0,0.0,0.0,0.0,11.33,0.0,0.0
336,CalebMartin,38,26.6,0.541,17.0,9.0,0.0,0.0,0.0,0.0,11.32,0.0,0.0
337,JordanHawkins,48,20.2,0.559,12.0,7.1,0.0,0.0,0.0,0.0,11.3,7.3,0.2
338,JamalCain,16,14.1,0.531,4.5,5.7,0.0,0.0,0.0,0.0,11.27,1.6,0.1
339,MalikBeasley,53,29.5,0.639,12.5,6.5,0.0,0.0,0.0,0.0,11.26,0.0,0.0
340,ChristianBraun,55,19.0,0.535,16.2,7.7,0.0,0.0,0.0,0.0,11.2,6.2,0.2
341,JeremySochan,55,29.4,0.519,21.6,11.7,0.0,0.0,0.0,0.0,11.15,8.5,0.3
342,BlakeWesley,34,13.0,0.553,37.3,10.9,0.0,0.0,0.0,0.0,11.12,2.1,0.1
343,KevonHarris,2,3.0,0.667,20.0,20.0,0.0,0.0,0.0,0.0,11.1,0.0,0.0
344,LindyWatersIII,23,7.3,0.644,17.6,5.9,0.0,0.0,0.0,0.0,11.04,0.6,0.0
345,KenrichWilliams,43,14.9,0.555,23.0,6.7,0.0,0.0,0.0,0.0,11.04,0.0,0.0
346,MaxStrus,53,32.3,0.538,22.5,8.8,0.0,0.0,0.0,0.0,11.03,0.0,0.0
347,PatrickWilliams,43,27.3,0.553,12.9,11.2,0.0,0.0,0.0,0.0,11.01,0.0,0.0
348,OmerYurtseven,30,9.1,0.507,10.3,19.1,0.0,0.0,0.0,0.0,10.99,1.6,0.1
349,IsaiahStewart,35,30.6,0.579,13.6,12.0,0.0,0.0,0.0,0.0,10.99,6.3,0.2
350,LuguentzDort,52,28.5,0.59,12.1,8.3,0.0,0.0,0.0,0.0,10.96,0.0,0.0
351,KeyonteGeorge,49,24.6,0.533,25.4,11.8,0.0,0.0,0.0,0.0,10.94,2.5,0.1
352,JoeIngles,41,17.3,0.575,38.0,11.2,0.0,0.0,0.0,0.0,10.94,0.0,0.0
353,KyleLowry,37,28.0,0.582,31.9,11.5,0.0,0.0,0.0,0.0,10.79,0.0,0.0
354,JeffGreen,52,16.9,0.608,12.0,10.8,0.0,0.0,0.0,0.0,10.65,0.0,0.0
355,JulianChampagnie,48,16.6,0.563,15.8,9.4,0.0,0.0,0.0,0.0,10.65,-1.8,-0.1
356,RoyceO'Neale,52,24.4,0.547,26.5,9.6,0.0,3.3,0.0,10.1,10.6,0.0,0.0
357,DillonBrooks,45,31.4,0.575,10.5,9.2,0.0,0.0,0.0,0.0,10.59,0.0,0.0
358,TreyJemison,8,14.8,0.551,12.8,17.9,0.0,9.9,0.0,11.6,10.52,-0.1,-0.0
359,JadenSpringer,32,11.8,0.481,18.0,13.4,0.0,0.0,0.0,0.0,10.5,0.0,0.0
360,JoshHart,54,29.9,0.515,26.7,10.6,0.0,0.0,0.0,0.0,10.48,0.0,0.0
361,JoshGreen,42,27.3,0.607,23.0,9.7,0.0,0.0,0.0,0.0,10.48,0.0,0.0
362,MarcusMorrisSr.,37,17.2,0.559,9.8,7.1,0.0,0.0,0.0,0.0,10.43,0.0,0.0
363,JockLandale,29,9.3,0.438,16.9,11.3,0.0,0.0,0.0,0.0,10.4,-0.8,-0.0
364,GregBrownIII,6,6.7,0.501,17.4,17.4,0.0,0.0,0.0,0.0,10.39,0.0,0.0
365,JordanPoole,52,29.2,0.511,17.5,10.2,0.0,0.0,0.0,0.0,10.39,0.0,0.0
366,KillianHayes,42,24.0,0.474,36.5,9.1,0.0,0.0,0.0,0.0,10.38,0.0,0.0
367,Olivier-MaxenceProsper,30,8.5,0.471,17.3,4.5,0.0,0.0,0.0,0.0,10.37,-1.7,-0.1
368,GaryTrentJr.,50,26.3,0.541,11.6,5.5,0.0,0.0,0.0,0.0,10.32,0.0,0.0
369,JerichoSims,28,11.0,0.711,16.0,14.2,0.0,0.0,0.0,0.0,10.3,0.0,0.0
370,NickeilAlexander-Walker,54,23.1,0.575,26.4,9.9,0.0,0.0,0.0,0.0,10.25,0.0,0.0
371,KentaviousCaldwell-Pope,50,31.9,0.581,19.4,8.2,0.0,0.0,0.0,0.0,10.17,0.0,0.0
372,IshWainright,7,6.6,0.53,0.0,5.0,0.0,0.0,0.0,0.0,10.16,0.0,0.0
373,MalachiFlynn,47,11.6,0.535,26.9,12.3,0.0,2.6,0.0,7.3,10.15,0.0,0.0
374,OusmaneDieng,29,11.2,0.555,20.0,10.3,0.0,0.0,0.0,0.0,10.12,0.0,0.0
375,JaredRhoden,6,7.0,0.631,21.2,15.9,0.0,0.0,0.0,0.0,10.12,-0.4,-0.0
376,DeanWade,44,21.1,0.597,13.8,7.3,0.0,0.0,0.0,0.0,10.04,0.0,0.0
377,DorianFinney-Smith,45,28.1,0.542,13.9,7.4,0.0,0.0,0.0,0.0,9.97,0.0,0.0
378,TerryTaylor,18,7.3,0.563,14.5,16.9,0.0,0.0,0.0,0.0,9.97,0.0,0.0
379,DalanoBanton,26,8.5,0.485,19.6,12.5,0.0,6.5,0.0,10.4,9.95,0.0,0.0
380,TeranceMann,47,24.9,0.554,19.4,6.8,0.0,0.0,0.0,0.0,9.94,0.0,0.0
381,LeakyBlack,22,9.9,0.554,26.4,7.3,0.0,0.0,0.0,0.0,9.93,-2.8,-0.1
382,BismackBiyombo,30,23.9,0.56,22.3,16.6,0.0,0.0,0.0,0.0,9.89,-7.6,-0.3
383,MatisseThybulle,51,23.2,0.542,18.7,8.1,0.0,0.0,0.0,0.0,9.88,0.0,0.0
384,NassirLittle,32,13.1,0.576,13.0,8.9,0.0,0.0,0.0,0.0,9.85,0.0,0.0
385,KevinKnoxII,31,18.1,0.57,9.6,9.1,0.0,0.0,0.0,0.0,9.83,0.0,0.0
386,PatrickBaldwinJr.,17,7.2,0.54,11.8,10.1,0.0,0.0,0.0,0.0,9.8,-1.8,-0.1
387,GaryHarris,33,22.5,0.568,21.2,6.6,0.0,0.0,0.0,0.0,9.77,0.0,0.0
388,KesslerEdwards,36,4.9,0.54,14.3,1.6,0.0,0.0,0.0,0.0,9.76,0.0,0.0
389,KeonEllis,33,11.5,0.585,24.9,11.1,0.0,0.0,0.0,0.0,9.71,-6.1,-0.2
390,SethCurry,39,13.2,0.522,15.0,7.5,0.0,3.4,0.0,6.0,9.69,0.0,0.0
391,ToumaniCamara,52,23.8,0.52,11.1,13.3,0.0,0.0,0.0,0.0,9.6,-22.2,-0.7
392,HaywoodHighsmith,40,21.2,0.551,15.0,8.9,0.0,0.0,0.0,0.0,9.58,-15.4,-0.5
393,PatConnaughton,49,21.3,0.606,28.7,8.8,0.0,0.0,0.0,0.0,9.58,0.0,0.0
394,Jae'SeanTate,51,17.5,0.538,18.9,7.7,0.0,0.0,0.0,0.0,9.57,0.0,0.0
395,MattRyan,14,21.6,0.664,11.6,13.2,0.0,0.0,0.0,0.0,9.54,-5.7,-0.2
396,KrisMurray,33,13.2,0.499,14.5,10.7,0.0,0.0,0.0,0.0,9.49,-8.5,-0.3
397,BrandonBostonJr.,16,7.4,0.482,6.8,6.8,0.0,0.0,0.0,0.0,9.46,0.0,0.0
398,DaishenNix,9,3.3,0.479,9.6,4.8,0.0,0.0,0.0,0.0,9.43,0.0,0.0
399,QuentinGrimes,45,20.2,0.543,13.9,5.6,0.0,0.0,0.0,0.0,9.43,0.0,0.0
400,JadenMcDaniels,44,28.7,0.587,11.4,10.8,0.0,0.0,0.0,0.0,9.42,0.0,0.0
401,MaxiKleber,19,21.6,0.586,24.0,13.0,0.0,0.0,0.0,0.0,9.36,0.0,0.0
402,GeorgesNiang,53,21.7,0.558,12.1,7.7,0.0,0.0,0.0,0.0,9.35,0.0,0.0
403,JaeCrowder,24,24.7,0.576,19.7,5.6,0.0,0.0,0.0,0.0,9.32,0.0,0.0
404,LesterQuinones,18,12.7,0.524,18.4,10.5,0.0,0.0,0.0,0.0,9.22,-5.4,-0.2
405,JalenPickett,16,6.1,0.571,25.6,12.8,0.0,0.0,0.0,0.0,9.19,-2.3,-0.1
406,FurkanKorkmaz,35,8.6,0.519,20.9,8.3,0.0,0.0,0.0,0.0,9.15,0.0,0.0
407,ShakeMilton,41,13.3,0.496,19.2,10.6,0.0,3.1,0.0,7.3,9.11,0.0,0.0
408,DereonSeabron,5,10.4,0.448,20.4,0.0,0.0,0.0,0.0,0.0,9.1,-1.3,-0.0
409,DougMcDermott,49,15.1,0.603,18.0,7.8,0.0,1.3,0.0,3.6,9.07,0.0,0.0
410,JulianStrawther,35,13.9,0.493,15.2,6.4,0.0,0.0,0.0,0.0,9.05,-12.7,-0.4
411,VasilijeMicic,33,13.0,0.523,36.8,13.7,0.0,0.5,0.0,3.9,9.04,-11.2,-0.4
412,BryceMcGowens,43,16.4,0.58,14.8,9.2,0.0,0.0,0.0,0.0,8.99,-19.0,-0.6
413,ZiaireWilliams,45,18.9,0.504,14.2,12.3,0.0,0.0,0.0,0.0,8.97,0.0,0.0
414,ScootHenderson,42,26.9,0.483,22.5,14.1,0.0,0.0,0.0,0.0,8.92,-31.7,-1.1
415,GrantWilliams,50,26.7,0.569,16.6,11.0,0.0,4.1,0.0,7.8,8.9,0.0,0.0
416,MarJonBeauchamp,40,14.2,0.583,13.3,12.4,0.0,0.0,0.0,0.0,8.9,-16.1,-0.5
417,AndreJacksonJr.,44,11.2,0.629,28.0,13.7,0.0,0.0,0.0,0.0,8.89,-14.1,-0.5
418,CodyMartin,22,26.3,0.466,25.7,12.0,0.0,0.0,0.0,0.0,8.85,0.0,0.0
419,GradeyDick,34,15.3,0.547,16.9,9.5,0.0,0.0,0.0,0.0,8.8,-15.5,-0.5
420,TaylorHendricks,16,14.6,0.49,8.1,13.2,0.0,0.0,0.0,0.0,8.78,-7.1,-0.2
421,KJMartin,40,11.2,0.569,16.5,12.4,0.0,3.7,0.0,7.9,8.76,0.0,0.0
422,OttoPorterJr.,15,11.6,0.568,18.1,4.5,0.0,0.0,0.0,0.0,8.75,0.0,0.0
423,BilalCoulibaly,53,26.9,0.55,16.1,13.8,0.0,0.0,0.0,0.0,8.74,-37.5,-1.2
424,DavidRoddy,49,22.9,0.487,13.8,10.0,0.0,4.8,0.0,9.8,8.68,-35.6,-1.2
425,IbouBadji,16,11.7,0.634,26.4,28.6,0.0,0.0,0.0,0.0,8.66,-5.4,-0.2
426,WendellMooreJr.,14,3.1,0.5,13.3,20.0,0.0,0.0,0.0,0.0,8.64,-1.4,-0.0
427,AnthonyBlack,50,18.1,0.577,23.7,13.2,0.0,0.0,0.0,0.0,8.63,-29.4,-1.0
428,ChrisLivingston,15,4.1,0.571,18.3,13.7,0.0,0.0,0.0,0.0,8.6,-2.0,-0.1
429,JustinHoliday,32,14.8,0.589,22.4,5.6,0.0,0.0,0.0,0.0,8.59,0.0,0.0
430,TaureanPrince,53,30.1,0.579,15.6,8.3,0.0,0.0,0.0,0.0,8.59,0.0,0.0
431,NickSmithJr.,37,15.5,0.534,15.0,10.7,0.0,0.0,0.0,0.0,8.52,-19.5,-0.7
432,ReggieBullockJr.,22,9.4,0.59,16.0,8.0,0.0,0.0,0.0,0.0,8.51,0.0,0.0
433,LukaSamanic,26,5.7,0.491,4.7,12.9,0.0,0.0,0.0,0.0,8.49,0.0,0.0
434,DalenTerry,35,10.0,0.502,29.5,11.7,0.0,0.0,0.0,0.0,8.44,-12.3,-0.4
435,DanuelHouseJr.,34,15.0,0.575,16.3,11.0,0.0,0.0,0.0,0.0,8.44,0.0,0.0
436,GarrettTemple,16,4.3,0.486,17.3,14.4,0.0,0.0,0.0,0.0,8.43,0.0,0.0
437,CamReddish,35,23.3,0.519,15.6,9.9,0.0,0.0,0.0,0.0,8.42,0.0,0.0
438,RayanRupert,16,7.4,0.451,17.3,9.4,0.0,0.0,0.0,0.0,8.36,-4.3,-0.1
439,CalebHoustan,40,14.9,0.58,11.9,6.9,0.0,0.0,0.0,0.0,8.25,-22.7,-0.8
440,MalakiBranham,50,20.2,0.507,19.7,9.9,0.0,0.0,0.0,0.0,8.25,-38.5,-1.3
441,TrevelinQueen,13,12.5,0.462,26.4,10.3,0.0,0.0,0.0,0.0,8.24,0.0,0.0
442,ArmoniBrooks,10,10.4,0.448,9.1,5.5,0.0,0.0,0.0,0.0,8.15,0.0,0.0
443,JavonFreeman-Liberty,2,2.0,0.333,0.0,0.0,0.0,0.0,0.0,0.0,8.13,-0.2,-0.0
444,MonteMorris,8,12.3,0.382,21.5,3.6,0.0,2.3,0.0,8.6,8.09,0.0,0.0
445,MikeMuscala,37,13.8,0.484,16.9,9.2,0.0,6.7,0.0,11.1,8.04,-19.4,-0.6
446,TosanEvbuomwan,5,16.4,0.441,25.0,4.2,0.0,10.4,0.0,10.7,8.04,-3.4,-0.1
447,ChumaOkeke,33,11.5,0.499,13.1,9.2,0.0,0.0,0.0,0.0,8.01,0.0,0.0
448,MattHurt,3,18.7,0.44,13.4,0.0,0.0,0.0,0.0,0.0,8.0,-2.3,-0.1
449,JevonCarter,52,13.7,0.482,16.6,7.9,0.0,0.0,0.0,0.0,8.0,0.0,0.0
450,BenSheppard,33,10.8,0.502,17.5,5.1,0.0,0.0,0.0,0.0,7.78,-16.1,-0.5
451,JettHoward,13,3.8,0.484,10.4,7.0,0.0,0.0,0.0,0.0,7.77,-2.2,-0.1
452,CollinGillespie,18,7.6,0.563,19.6,16.4,0.0,0.0,0.0,0.0,7.75,-6.2,-0.2
453,OchaiAgbaji,54,19.4,0.518,13.5,10.2,0.0,3.9,0.0,6.8,7.71,-48.3,-1.6
454,TyJerome,2,7.5,0.5,37.5,12.5,0.0,0.0,0.0,0.0,7.61,0.0,0.0
455,MaxChristie,43,17.2,0.539,15.6,11.3,0.0,0.0,0.0,0.0,7.6,-35.3,-1.2
456,BonesHyland,19,13.2,0.471,18.2,12.7,0.0,0.0,0.0,0.0,7.27,0.0,0.0
457,ColeSwider,10,5.0,0.523,11.8,17.7,0.0,0.0,0.0,0.0,7.09,-2.8,-0.1
458,GarrisonMathews,39,12.6,0.663,13.0,10.8,0.0,0.0,0.0,0.0,7.06,0.0,0.0
459,DavionMitchell,44,13.2,0.503,27.8,9.3,0.0,0.0,0.0,0.0,7.03,0.0,0.0
460,XavierMoon,2,6.0,0.5,50.0,16.7,0.0,0.0,0.0,0.0,6.94,0.0,0.0
461,JTThor,43,13.4,0.442,9.8,6.4,0.0,0.0,0.0,0.0,6.94,0.0,0.0
462,TrentForrest,20,10.5,0.389,40.2,10.5,0.0,0.0,0.0,0.0,6.88,0.0,0.0
463,SviMykhailiuk,23,7.9,0.466,11.8,8.3,0.0,0.0,0.0,0.0,6.77,0.0,0.0
464,IshSmith,43,17.2,0.435,41.2,13.4,0.0,0.0,0.0,0.0,6.71,0.0,0.0
465,JaylenNowell,9,17.3,0.453,20.7,6.5,0.0,0.0,0.0,0.0,6.62,0.0,0.0
466,ChrisDuarte,37,12.8,0.488,16.6,10.4,0.0,0.0,0.0,0.0,6.52,0.0,0.0
467,PattyMills,19,10.6,0.5,19.2,11.0,0.0,0.0,0.0,0.0,6.51,0.0,0.0
468,RobinLopez,16,4.1,0.453,15.5,7.7,0.0,0.0,0.0,0.0,6.49,-4.0,-0.1
469,JohnnyDavis,23,8.0,0.435,9.3,8.0,0.0,0.0,0.0,0.0,6.44,-11.9,-0.4
470,ColbyJones,17,7.1,0.384,15.8,7.9,0.0,0.0,0.0,0.0,6.38,-8.0,-0.3
471,CoryJoseph,26,11.4,0.47,34.7,9.9,0.0,0.0,0.0,0.0,6.21,0.0,0.0
472,BriceSensabaugh,6,2.7,0.383,14.9,7.4,0.0,0.0,0.0,0.0,6.15,-1.1,-0.0
473,D'MoiHodge,7,5.9,0.441,22.9,4.6,0.0,0.0,0.0,0.0,6.07,-2.9,-0.1
474,KennethLoftonJr.,17,6.4,0.413,19.6,11.2,0.0,2.0,0.0,9.2,5.99,-7.8,-0.3
475,GabeVincent,5,25.4,0.411,30.1,4.0,0.0,0.0,0.0,0.0,5.98,0.0,0.0
476,KobeBufkin,5,5.0,0.414,7.8,7.8,0.0,0.0,0.0,0.0,5.84,-1.9,-0.1
477,KiraLewisJr.,18,8.3,0.38,23.3,9.3,0.0,3.1,0.0,5.3,5.8,0.0,0.0
478,MarkieffMorris,17,9.2,0.443,15.5,12.7,0.0,0.0,0.0,0.0,5.79,0.0,0.0
479,EvanFournier,5,17.8,0.401,9.2,11.0,0.0,2.5,0.0,7.5,5.71,0.0,0.0
480,LindellWigginton,3,2.7,0.51,0.0,14.5,0.0,0.0,0.0,0.0,5.61,-0.6,-0.0
481,YutaWatanabe,30,13.6,0.497,7.7,11.8,0.0,3.3,0.0,6.6,5.59,0.0,0.0
482,WesleyMatthews,21,11.0,0.451,17.7,8.2,0.0,0.0,0.0,0.0,5.47,0.0,0.0
483,JalenSlawson,5,3.8,0.667,28.6,28.6,0.0,0.0,0.0,0.0,5.46,-1.5,-0.1
484,KobeBrown,32,8.7,0.469,19.6,8.1,0.0,0.0,0.0,0.0,5.45,-22.3,-0.7
485,P.J.Tucker,15,15.9,0.492,24.8,12.4,0.0,7.7,0.0,10.1,5.44,0.0,0.0
486,SidyCissoko,5,6.4,0.387,0.0,11.4,0.0,0.0,0.0,0.0,5.44,-2.6,-0.1
487,IsaiahLivers,23,20.4,0.46,15.2,9.7,0.0,0.0,0.0,0.0,5.08,0.0,0.0
488,DaQuanJeffries,10,3.0,0.427,12.6,6.3,0.0,0.0,0.0,0.0,5.05,0.0,0.0
489,FilipPetrusev,3,3.0,0.521,0.0,0.0,0.0,0.0,0.0,5.6,5.03,0.0,0.0
490,NathanMensah,25,12.3,0.496,16.0,24.9,0.0,0.0,0.0,0.0,5.02,-25.6,-0.9
491,JakeLaRavia,11,11.1,0.447,11.0,7.3,0.0,0.0,0.0,0.0,4.86,-10.8,-0.4
492,DariqWhitehead,2,12.0,0.255,33.8,0.0,0.0,0.0,0.0,0.0,4.82,-2.1,-0.1
493,ThanasisAntetokounmpo,23,4.6,0.524,27.9,23.3,0.0,0.0,0.0,0.0,4.7,0.0,0.0
494,JustinMinaya,16,8.8,0.365,16.8,14.0,0.0,0.0,0.0,0.0,4.69,-12.8,-0.4
495,JoeHarris,16,10.6,0.489,18.6,7.4,0.0,0.0,0.0,0.0,4.58,0.0,0.0
496,UsmanGaruba,2,3.0,0.0,50.0,0.0,0.0,0.0,0.0,0.0,4.41,0.0,0.0
497,JalenMcDaniels,33,8.9,0.417,11.4,12.1,0.0,0.0,0.0,0.0,4.39,0.0,0.0
498,E.J.Liddell,8,2.9,0.291,10.1,20.2,0.0,0.0,0.0,0.0,4.24,-2.3,-0.1
499,JordanWalsh,4,8.3,0.2,22.2,22.2,0.0,0.0,0.0,0.0,3.9,-3.4,-0.1
500,JulianPhillips,30,6.6,0.472,12.3,10.8,0.0,0.0,0.0,0.0,3.85,-20.5,-0.7
501,EmoniBates,10,7.6,0.348,18.2,3.0,0.0,0.0,0.0,0.0,3.67,-8.1,-0.3
502,JulesBernard,6,4.7,0.292,26.3,10.5,0.0,0.0,0.0,0.0,3.61,-3.0,-0.1
503,TheoMaledon,15,14.1,0.39,23.0,14.8,0.0,2.0,0.0,6.4,3.38,0.0,0.0
504,TajGibson,16,10.3,0.335,23.8,13.2,0.0,0.0,0.0,0.0,3.15,-18.8,-0.6
505,MarquesBolden,2,1.5,0.0,0.0,0.0,0.0,0.0,0.0,0.0,3.08,-0.3,-0.0
506,AshtonHagans,3,18.0,0.379,32.0,13.7,0.0,0.0,0.0,0.0,2.57,-6.6,-0.2
507,JuanToscano-Anderson,11,4.8,0.292,22.2,11.1,0.0,0.0,0.0,0.0,2.48,0.0,0.0
508,AleksejPokusevski,10,6.0,0.338,19.4,11.6,0.0,0.0,0.0,0.0,2.46,0.0,0.0
509,AdmiralSchofield,13,3.8,0.444,19.3,15.5,0.0,0.0,0.0,0.0,2.42,0.0,0.0
510,AmariBailey,3,5.0,0.317,10.1,10.1,0.0,0.0,0.0,0.0,2.13,-1.9,-0.1
511,AJGriffin,18,7.3,0.403,7.2,10.7,0.0,0.0,0.0,0.0,1.84,-17.6,-0.6
512,MicahPotter,2,3.5,0.0,0.0,0.0,0.0,0.0,0.0,0.0,1.53,-1.0,-0.0
513,R.J.Hampton,8,9.5,0.336,30.9,11.6,0.0,0.0,0.0,0.0,0.85,0.0,0.0
514,DannyGreen,2,9.0,0.0,33.3,0.0,0.0,0.0,0.0,0.0,0.74,0.0,0.0
515,KeyontaeJohnson,7,8.1,0.375,20.0,20.0,0.0,0.0,0.0,0.0,0.7,-8.6,-0.3
516,SethLundy,9,5.8,0.373,0.0,5.1,0.0,0.0,0.0,0.0,0.09,-8.3,-0.3
517,FrankNtilikina,5,8.6,0.253,26.9,6.7,0.0,0.0,0.0,0.0,0.03,0.0,0.0
518,JavonteSmart,1,1.0,0.0,0.0,0.0,0.0,0.0,0.0,0.0,0.0,-0.2,-0.0
519,OnuralpBitim,1,3.0,0.0,0.0,0.0,0.0,0.0,0.0,0.0,0.0,-0.5,-0.0
520,VitKrejci,1,2.0,0.0,0.0,0.0,0.0,0.0,0.0,0.0,0.0,0.0,0.0
521,MalcolmCazalon,1,3.0,0.0,0.0,0.0,0.0,0.0,0.0,0.0,0.0,-0.5,-0.0
522,RonHarperJr.,1,4.0,0.0,100.0,0.0,0.0,0.0,0.0,0.0,-0.03,-0.6,-0.0
523,JalenHood-Schifino,17,5.6,0.322,13.1,13.1,0.0,0.0,0.0,0.0,-0.47,-16.1,-0.5
524,MouhamedGueye,2,2.0,0.0,0.0,0.0,0.0,0.0,0.0,0.0,-0.63,-0.7,-0.0
525,MaxwellLewis,19,3.6,0.292,15.0,25.0,0.0,0.0,0.0,0.0,-1.76,-12.9,-0.4
526,RyanArcidiacono,20,2.3,0.0,33.3,16.7,0.0,0.0,0.0,0.0,-1.91,0.0,0.0
527,AlexFudge,4,3.5,0.291,0.0,12.7,0.0,0.0,0.0,0.0,-1.95,-2.7,-0.1
528,CharlieBrownJr.,6,5.5,0.333,0.0,18.2,0.0,0.0,0.0,0.0,-2.36,0.0,0.0
529,JeromeRobinson,9,3.3,0.172,14.7,0.0,0.0,0.0,0.0,0.0,-2.52,0.0,0.0
530,TyTyWashingtonJr.,5,4.2,0.214,10.0,20.0,0.0,0.0,0.0,0.0,-3.13,-4.4,-0.1
531,JamareeBouyea,6,9.5,0.238,21.6,21.6,0.0,0.0,0.0,0.0,-4.75,-13.2,-0.4
532,HunterTyson,9,3.0,0.143,10.0,20.0,0.0,0.0,0.0,0.0,-9.02,-8.0,-0.3
533,JasonPreston,1,1.0,0.0,0.0,100.0,0.0,0.0,0.0,0.0,-11.85,0.0,0.0
534,AlondesWilliams,1,6.0,0.0,0.0,50.0,0.0,0.0,0.0,0.0,-12.68,-2.1,-0.1
535,JohnnyJuzang,2,3.0,0.0,25.0,0.0,0.0,0.0,0.0,0.0,-13.59,-2.2,-0.1
536,JoshuaPrimo,1,5.0,0.5,0.0,60.0,0.0,0.0,0.0,0.0,-15.51,0.0,0.0
537,PeteNance,2,2.0,0.0,0.0,0.0,0.0,0.0,0.0,0.0,-18.79,-1.8,-0.1
538,DmytroSkapintsev,2,1.0,0.0,0.0,0.0,0.0,0.0,0.0,0.0,-19.04,-0.9,-0.0
539,KaiserGates,1,7.0,0.0,0.0,0.0,0.0,0.0,0.0,0.0,-19.64,-3.2,-0.1
